PhysicalX(mm),PhysicalY(mm),P0,P1,P2,P3,P4,P5,P6,P7,P8,P9,P10,P11,P12,P13,P14,P15,P16,P17,P18,P19,P20,P21,P22,P23,P24,P25,P26,P27,P28,P29,P30,P31,P32,P33,P34,P35,P36,P37,P38,P39,P40,P41,P42,P43,P44,P45,P46,P47,P48,P49,P50,P51,P52,P53,P54,P55,P56,P57,P58,P59,P60,P61,P62,P63,P64,P65,P66,P67,P68,P69,P70,P71,P72,P73,P74,P75,P76,P77,P78,P79,P80,P81,P82,P83,P84,P85,P86,P87,P88,P89,P90,P91,P92,P93,P94,P95,P96,P97,P98,P99,P100
123.437,91.097,-101.609,-102.498,-102.603,-102.189,-101.366,-101.672,-101.278,-102.110,-102.235,-100.891,-105.171,-104.536,-102.661,-102.829,-103.772,-100.698,-102.426,-102.555,-101.429,-102.382,-103.187,-100.318,-101.254,-104.297,-102.231,-103.453,-101.556,-99.637,-102.107,-102.926,-102.532,-101.314,-104.065,-102.381,-102.491,-99.331,-102.696,-101.715,-101.265,-100.789,-102.145,-102.274,-103.044,-100.897,-103.526,-103.007,-100.944,-100.554,-102.211,-102.370,-101.406,-100.712,-103.290,-102.231,-102.685,-102.228,-102.088,-104.582,-98.772,-102.231,-101.701,-99.937,-103.808,-99.665,-100.897,-102.141,-102.956,-100.853,-102.637,-101.715,-98.933,-103.573,-102.826,-102.646,-99.437,-100.915,-101.065,-102.991,-100.734,-104.875,-102.113,-103.449,-102.888,-101.255,-98.695,-104.210,-100.995,-102.498,-100.703,-100.545,-100.495,-103.149,-104.282,-99.934,-101.710,-100.210,-100.971,-104.848,-100.278,-100.374,-100.912
209.530,91.097,-103.340,-103.285,-101.331,-103.570,-100.058,-103.715,-101.161,-102.639,-99.886,-100.670,-101.662,-101.570,-102.229,-101.449,-98.522,-99.884,-99.484,-100.837,-102.699,-101.974,-101.862,-102.023,-99.037,-99.753,-99.649,-100.483,-100.185,-102.061,-99.171,-100.029,-103.150,-99.688,-103.498,-101.525,-102.028,-103.709,-100.643,-102.643,-101.584,-101.151,-102.134,-104.655,-100.434,-100.688,-100.796,-102.982,-100.519,-101.285,-100.541,-97.795,-103.352,-103.500,-101.019,-103.526,-101.528,-102.399,-102.694,-101.579,-102.071,-100.552,-101.038,-101.158,-100.072,-100.451,-103.512,-103.040,-101.769,-102.994,-102.441,-100.827,-101.788,-102.914,-102.656,-102.448,-103.864,-102.168,-100.807,-102.427,-102.563,-99.700,-104.482,-100.280,-100.905,-101.664,-103.210,-105.085,-102.701,-99.617,-99.482,-103.698,-98.557,-96.281,-100.428,-102.106,-102.108,-102.968,-103.458,-102.858,-102.073,-101.135,-103.486
295.624,91.097,-101.458,-101.839,-101.969,-101.739,-103.261,-101.569,-104.570,-101.575,-101.250,-100.747,-101.534,-100.452,-101.657,-100.473,-103.299,-101.023,-102.178,-99.303,-99.303,-103.232,-101.254,-102.562,-102.192,-101.237,-106.150,-101.947,-102.904,-99.731,-101.158,-100.687,-101.529,-101.021,-99.624,-103.332,-103.279,-101.501,-103.081,-103.005,-100.003,-100.909,-98.989,-100.608,-98.338,-100.251,-103.480,-99.825,-103.407,-100.668,-103.365,-99.792,-102.571,-100.005,-102.988,-100.934,-100.712,-100.992,-101.226,-99.827,-101.481,-102.789,-104.080,-101.764,-99.983,-100.828,-101.979,-101.400,-99.201,-101.165,-100.118,-100.993,-100.780,-103.290,-101.578,-101.918,-103.607,-100.418,-102.049,-101.091,-101.487,-102.860,-101.340,-102.634,-101.192,-99.577,-102.906,-104.991,-100.800,-101.629,-100.681,-102.988,-100.504,-101.643,-100.614,-100.979,-101.232,-99.873,-103.302,-100.477,-98.498,-105.459,-100.457
123.437,112.617,-101.906,-99.858,-102.050,-101.782,-100.393,-100.738,-101.333,-103.857,-102.904,-101.055,-102.594,-100.523,-100.486,-103.546,-104.123,-103.981,-102.417,-101.218,-101.141,-101.295,-101.056,-102.707,-102.143,-103.005,-101.993,-100.940,-104.333,-98.136,-101.797,-101.766,-100.610,-101.985,-100.866,-101.910,-102.670,-102.809,-100.898,-102.266,-100.025,-98.912,-102.525,-100.933,-102.823,-101.455,-102.013,-101.731,-103.973,-102.009,-102.999,-102.998,-100.168,-101.027,-102.779,-101.837,-102.820,-102.009,-99.656,-100.193,-104.484,-101.948,-102.656,-101.387,-102.009,-103.543,-101.482,-99.948,-102.847,-102.562,-98.709,-101.649,-100.923,-102.502,-98.330,-98.700,-100.479,-102.764,-104.083,-102.812,-99.957,-103.648,-100.608,-97.498,-104.247,-98.427,-102.104,-103.937,-102.559,-100.931,-103.493,-100.386,-102.595,-101.824,-102.996,-104.239,-102.334,-102.081,-98.812,-100.149,-103.023,-102.315,-101.369
209.530,112.617,-102.157,-101.714,-99.998,-102.210,-100.611,-100.804,-101.543,-101.185,-100.408,-100.955,-100.839,-101.244,-102.788,-99.710,-101.857,-101.768,-102.248,-100.667,-100.936,-99.950,-102.402,-101.914,-103.606,-100.258,-101.489,-101.758,-99.511,-103.033,-102.648,-99.209,-101.085,-100.832,-102.110,-104.157,-101.283,-100.738,-102.926,-101.680,-101.464,-101.082,-102.768,-102.493,-101.423,-102.084,-102.493,-100.075,-99.530,-101.685,-101.414,-102.885,-101.845,-104.249,-101.677,-101.893,-100.887,-103.317,-101.315,-101.999,-101.780,-103.336,-101.545,-100.950,-100.947,-102.950,-100.820,-99.485,-103.847,-100.943,-104.128,-101.383,-98.408,-99.970,-101.179,-99.140,-101.544,-101.702,-100.008,-105.107,-101.546,-102.752,-102.359,-102.734,-100.232,-103.093,-101.706,-99.801,-103.625,-100.335,-98.934,-99.344,-101.319,-102.866,-102.427,-102.231,-99.476,-101.872,-101.420,-103.445,-99.208,-101.658,-101.086
295.624,112.617,-102.476,-98.215,-100.474,-101.756,-101.121,-101.811,-101.216,-100.382,-103.055,-102.130,-103.890,-100.529,-100.918,-99.953,-100.640,-101.706,-99.329,-101.529,-100.887,-101.519,-99.546,-103.011,-100.271,-102.256,-102.684,-99.150,-102.176,-100.840,-102.053,-102.582,-100.704,-100.854,-101.686,-101.138,-101.462,-101.131,-103.224,-102.264,-102.296,-103.760,-101.050,-101.278,-103.243,-104.635,-100.288,-103.178,-102.941,-101.669,-102.249,-102.381,-103.858,-101.791,-102.691,-101.678,-100.539,-104.719,-101.073,-101.657,-101.169,-101.750,-102.413,-101.306,-101.539,-104.099,-97.781,-99.529,-101.493,-101.587,-101.405,-100.390,-96.913,-99.926,-100.049,-102.395,-104.044,-99.862,-101.933,-102.795,-101.148,-101.461,-101.061,-101.131,-102.199,-101.987,-101.012,-99.682,-99.353,-103.191,-99.289,-102.717,-99.167,-100.417,-103.009,-103.330,-101.586,-99.477,-99.668,-100.884,-104.804,-101.592,-100.380
123.437,134.137,-100.174,-99.692,-101.923,-100.993,-103.715,-100.396,-99.500,-104.674,-99.474,-103.466,-100.052,-102.134,-102.920,-102.737,-98.642,-100.890,-100.466,-102.278,-102.270,-102.924,-102.450,-100.969,-99.840,-102.564,-105.823,-101.949,-101.973,-103.212,-103.332,-102.673,-102.469,-101.765,-101.731,-101.705,-101.570,-103.385,-100.856,-98.541,-101.030,-101.321,-100.808,-101.265,-100.486,-102.551,-101.204,-102.522,-99.764,-101.746,-100.821,-99.123,-100.949,-101.670,-99.145,-101.752,-101.498,-102.790,-100.341,-102.505,-103.552,-102.394,-103.311,-101.431,-102.934,-99.220,-99.629,-102.503,-104.061,-103.777,-103.101,-105.270,-101.200,-101.417,-103.452,-101.059,-103.229,-100.575,-100.733,-101.924,-100.225,-102.625,-101.013,-100.273,-103.669,-98.593,-100.709,-101.720,-103.282,-102.001,-99.355,-103.539,-103.863,-99.470,-101.513,-102.467,-98.678,-102.374,-98.077,-104.217,-103.352,-102.747,-102.703
209.530,134.137,-101.956,-99.572,-103.255,-101.176,-101.745,-100.047,-100.983,-102.590,-103.622,-100.927,-101.131,-101.708,-100.998,-103.840,-103.015,-103.065,-101.658,-99.198,-101.163,-100.974,-101.779,-100.006,-100.276,-99.587,-99.526,-102.158,-99.801,-102.825,-101.412,-100.516,-100.720,-102.077,-99.420,-103.977,-100.780,-99.328,-102.287,-103.031,-100.921,-100.408,-101.330,-101.530,-99.073,-103.061,-99.437,-101.536,-102.493,-103.515,-102.304,-103.651,-101.585,-101.025,-101.182,-101.831,-101.550,-102.142,-102.320,-100.874,-102.424,-103.531,-100.604,-102.176,-101.291,-101.118,-101.203,-103.321,-103.288,-101.257,-97.856,-101.963,-100.446,-101.670,-103.788,-101.142,-100.530,-100.132,-102.344,-100.777,-103.118,-99.775,-102.280,-103.140,-100.584,-101.108,-100.731,-102.375,-102.101,-101.694,-102.795,-100.751,-100.346,-101.704,-100.140,-102.207,-104.024,-101.830,-103.607,-101.536,-101.091,-101.718,-100.514
295.624,134.137,-101.186,-102.512,-102.606,-100.762,-100.286,-100.911,-100.142,-101.175,-102.927,-103.536,-102.873,-100.132,-102.162,-101.399,-100.706,-101.298,-102.862,-101.871,-102.415,-101.573,-102.092,-100.561,-101.665,-100.655,-103.886,-100.956,-101.070,-101.207,-101.153,-102.584,-100.196,-102.169,-102.044,-101.947,-101.247,-102.948,-102.630,-101.968,-99.410,-99.013,-100.295,-102.193,-103.610,-101.003,-100.928,-100.305,-100.489,-102.090,-100.346,-101.757,-101.133,-102.792,-102.629,-99.636,-101.003,-104.456,-102.594,-100.962,-101.776,-104.375,-103.156,-100.302,-102.075,-101.810,-102.092,-102.372,-101.137,-98.705,-102.047,-101.534,-101.320,-104.609,-103.678,-105.090,-102.136,-100.828,-101.345,-104.191,-102.077,-103.855,-102.698,-99.681,-103.294,-101.847,-101.277,-102.170,-102.314,-101.132,-101.111,-102.022,-104.028,-102.379,-100.746,-100.843,-101.857,-101.374,-102.157,-102.051,-100.007,-100.306,-99.620
317.150,91.100,-103.950,-102.644,-101.624,-103.200,-100.983,-104.790,-103.000,-102.759,-101.092,-103.068,-103.404,-100.803,-99.727,-103.373,-103.175,-101.072,-103.278,-101.859,-102.329,-101.511,-102.478,-105.562,-101.068,-99.565,-104.213,-101.027,-101.937,-102.891,-102.360,-101.609,-103.344,-100.052,-101.434,-99.796,-101.336,-99.117,-104.845,-101.219,-101.617,-103.803,-100.156,-101.808,-100.761,-102.386,-98.800,-101.240,-98.969,-99.761,-101.754,-101.299,-101.732,-103.568,-101.494,-100.681,-101.795,-99.530,-99.872,-102.903,-101.367,-99.910,-101.636,-99.082,-102.041,-100.890,-102.254,-101.207,-101.736,-103.176,-103.025,-101.525,-102.425,-101.142,-100.551,-100.688,-99.316,-101.720,-99.957,-102.899,-103.336,-102.208,-103.254,-103.513,-101.782,-103.316,-101.537,-101.613,-104.243,-101.876,-102.900,-102.551,-102.198,-102.651,-99.016,-101.570,-100.125,-104.097,-102.135,-104.882,-101.954,-101.162,-99.735
166.480,139.520,-101.737,-100.436,-103.154,-102.643,-99.868,-103.429,-101.281,-101.953,-100.331,-101.420,-100.817,-100.967,-102.964,-102.439,-103.530,-102.480,-102.872,-99.697,-100.171,-99.812,-100.566,-101.734,-101.531,-101.342,-102.532,-100.481,-101.777,-102.546,-102.286,-100.741,-102.766,-101.860,-100.604,-101.454,-102.810,-98.821,-101.183,-100.450,-101.360,-103.213,-101.871,-101.959,-101.790,-99.716,-100.023,-101.929,-102.826,-103.795,-103.679,-101.456,-103.817,-102.772,-101.114,-103.534,-103.568,-101.958,-97.595,-101.807,-102.789,-103.395,-100.296,-102.789,-102.417,-104.052,-102.702,-99.981,-101.098,-100.824,-100.463,-103.159,-100.191,-100.996,-101.504,-102.087,-100.958,-103.128,-100.101,-101.820,-101.994,-101.654,-101.813,-103.914,-103.156,-99.661,-99.556,-103.765,-101.319,-101.270,-100.728,-98.986,-100.716,-101.959,-99.890,-102.766,-100.066,-102.718,-101.663,-102.724,-99.266,-101.635,-98.083
317.150,128.760,-101.762,-101.226,-104.415,-104.263,-104.914,-103.318,-99.538,-100.678,-102.610,-100.774,-98.489,-103.071,-102.891,-101.458,-101.728,-103.026,-100.435,-101.562,-100.672,-99.689,-99.750,-101.085,-101.318,-100.728,-104.236,-101.016,-98.437,-100.865,-100.661,-100.408,-103.250,-101.008,-102.928,-100.285,-101.855,-101.969,-102.063,-100.525,-101.414,-102.826,-101.133,-102.207,-99.758,-102.126,-102.330,-100.495,-100.402,-102.414,-101.544,-102.683,-102.417,-102.094,-103.246,-102.688,-101.213,-99.511,-102.401,-102.239,-99.736,-101.643,-101.934,-100.734,-103.669,-103.114,-101.253,-100.139,-101.595,-103.637,-101.164,-101.077,-103.195,-101.232,-100.914,-101.017,-100.080,-99.320,-102.144,-102.656,-101.503,-101.186,-100.931,-99.974,-101.976,-101.658,-102.110,-101.387,-99.460,-98.017,-102.494,-99.513,-100.982,-99.236,-102.221,-100.895,-102.374,-100.923,-101.155,-102.308,-101.129,-100.790,-103.563
317.150,101.860,-102.785,-101.292,-104.096,-102.632,-98.387,-99.465,-100.913,-100.663,-101.543,-100.662,-101.954,-101.335,-100.740,-103.562,-103.136,-99.536,-100.125,-101.285,-103.461,-101.516,-102.616,-101.377,-100.285,-100.739,-103.316,-103.081,-100.662,-100.465,-102.313,-102.578,-101.374,-100.485,-99.616,-103.447,-103.284,-100.995,-100.773,-101.039,-99.998,-101.864,-103.110,-103.358,-99.632,-100.960,-102.351,-103.164,-99.034,-100.017,-102.160,-104.024,-100.718,-99.394,-103.149,-102.802,-101.197,-102.736,-101.198,-100.731,-101.444,-102.555,-104.383,-100.884,-99.916,-100.144,-102.485,-104.497,-101.760,-102.574,-101.754,-101.815,-100.841,-100.910,-99.957,-101.904,-102.541,-103.931,-102.847,-101.796,-102.019,-101.969,-102.691,-103.728,-103.700,-102.255,-102.197,-100.784,-102.495,-102.307,-102.306,-104.704,-102.560,-102.541,-100.297,-101.359,-100.943,-100.909,-100.989,-100.344,-102.303,-102.966,-103.501
123.440,139.520,-100.656,-103.590,-102.039,-103.505,-102.752,-100.796,-103.540,-103.124,-102.338,-100.401,-100.333,-101.123,-100.805,-101.770,-97.488,-102.715,-103.419,-100.253,-101.665,-103.934,-101.020,-102.076,-101.687,-102.925,-101.121,-102.729,-101.272,-103.300,-100.228,-101.778,-102.537,-98.395,-101.736,-99.816,-102.042,-101.725,-100.221,-102.948,-102.216,-98.366,-103.218,-99.411,-101.903,-101.266,-100.932,-101.046,-102.207,-101.907,-101.243,-100.629,-102.137,-101.820,-102.295,-97.244,-101.195,-101.448,-103.648,-101.822,-100.332,-99.524,-99.485,-103.606,-98.939,-101.623,-99.659,-102.487,-102.072,-101.501,-98.360,-100.508,-99.551,-101.672,-100.630,-102.299,-102.574,-101.912,-101.615,-101.706,-100.068,-103.134,-102.465,-104.056,-102.364,-101.736,-101.562,-101.943,-101.070,-100.417,-101.397,-102.185,-99.706,-102.645,-103.625,-99.496,-102.043,-100.852,-101.325,-101.023,-100.793,-103.002,-101.974
252.580,91.100,-101.126,-99.503,-100.380,-102.324,-102.915,-100.642,-102.139,-100.304,-101.828,-103.222,-99.884,-104.219,-103.093,-98.680,-100.912,-99.710,-101.380,-101.511,-102.210,-102.273,-96.726,-101.198,-103.313,-100.693,-104.239,-101.235,-102.902,-103.553,-99.775,-101.454,-102.642,-103.861,-102.903,-103.425,-100.117,-103.138,-102.547,-103.015,-102.231,-102.117,-100.940,-105.027,-101.186,-103.058,-102.378,-103.850,-105.447,-100.430,-103.717,-102.190,-102.897,-102.324,-101.535,-101.643,-99.064,-100.284,-100.789,-102.380,-100.835,-99.600,-100.358,-100.529,-101.764,-100.936,-102.371,-98.970,-102.356,-104.806,-105.152,-101.782,-100.709,-100.489,-101.942,-102.422,-100.898,-101.460,-102.940,-101.257,-100.561,-102.480,-100.388,-101.252,-104.463,-101.515,-100.195,-102.899,-100.066,-101.103,-102.231,-101.121,-101.966,-103.190,-100.678,-101.876,-101.145,-99.849,-102.333,-101.446,-100.280,-103.657,-101.756
317.150,139.520,-99.440,-102.440,-102.060,-99.709,-101.817,-102.505,-99.817,-100.342,-100.969,-100.525,-100.992,-101.606,-102.707,-100.747,-99.931,-103.513,-102.469,-100.947,-101.875,-102.124,-102.933,-102.643,-104.732,-102.853,-103.789,-102.370,-101.686,-103.689,-99.371,-101.568,-100.036,-102.256,-102.467,-102.368,-102.500,-102.740,-102.219,-102.027,-100.341,-99.735,-101.980,-101.654,-101.554,-102.160,-102.441,-100.948,-102.559,-102.419,-98.680,-102.010,-102.472,-101.929,-100.946,-102.511,-100.823,-100.876,-102.111,-100.460,-101.920,-103.226,-98.003,-101.827,-99.807,-103.756,-100.159,-103.490,-99.601,-102.895,-101.828,-104.092,-101.719,-104.578,-99.154,-99.881,-103.969,-101.343,-102.496,-99.496,-99.810,-101.518,-99.773,-99.338,-100.884,-103.305,-99.706,-100.705,-102.078,-99.537,-103.378,-100.243,-99.970,-101.768,-101.541,-102.585,-99.345,-101.840,-99.777,-103.313,-100.083,-102.125,-99.946
252.580,139.520,-99.558,-103.242,-102.412,-101.585,-102.239,-100.944,-101.613,-102.801,-101.524,-102.147,-101.898,-100.937,-102.668,-101.195,-98.417,-102.180,-101.611,-102.264,-101.744,-102.280,-100.397,-102.257,-98.843,-100.903,-100.897,-102.714,-100.912,-102.702,-99.717,-100.968,-99.908,-104.308,-102.190,-103.285,-98.802,-99.434,-101.479,-101.505,-99.794,-104.175,-101.331,-100.115,-101.565,-101.875,-102.806,-101.919,-101.683,-102.793,-101.550,-101.488,-102.713,-100.831,-104.489,-99.215,-102.185,-100.979,-101.234,-105.368,-100.400,-105.452,-103.682,-102.299,-101.099,-100.952,-100.726,-101.711,-102.661,-101.556,-102.900,-102.543,-103.280,-101.382,-103.113,-101.714,-101.469,-100.253,-101.201,-103.500,-104.693,-101.581,-102.661,-101.976,-102.076,-102.397,-104.390,-104.267,-99.119,-102.197,-99.623,-99.637,-102.897,-101.787,-101.329,-100.985,-103.048,-102.459,-101.844,-99.308,-102.895,-103.763,-100.758
144.960,91.100,-100.773,-101.394,-100.920,-101.261,-100.606,-104.121,-102.517,-100.986,-102.186,-103.010,-100.679,-101.354,-104.191,-101.481,-101.504,-102.909,-99.506,-101.451,-100.396,-100.213,-102.629,-101.461,-101.452,-99.937,-99.726,-102.607,-100.471,-102.893,-102.839,-100.533,-102.541,-102.874,-103.873,-102.824,-101.777,-100.081,-100.679,-100.418,-102.082,-103.076,-101.933,-100.980,-102.050,-101.313,-102.734,-101.757,-100.053,-102.187,-103.986,-102.086,-100.417,-101.683,-100.038,-101.394,-99.830,-102.837,-102.839,-103.305,-103.042,-101.972,-101.383,-99.142,-101.106,-102.206,-99.920,-100.421,-101.759,-102.774,-103.384,-102.266,-101.384,-102.158,-100.863,-100.700,-99.577,-99.583,-103.863,-100.780,-99.326,-104.315,-102.447,-100.085,-102.107,-101.816,-102.451,-102.634,-102.007,-101.855,-100.957,-101.685,-101.135,-100.637,-100.784,-99.677,-101.465,-99.482,-101.650,-101.227,-98.645,-100.059,-101.318
274.100,101.860,-101.238,-99.846,-102.239,-100.531,-100.260,-100.598,-103.513,-100.723,-102.970,-102.706,-100.508,-103.819,-100.111,-97.342,-99.481,-101.197,-101.780,-101.926,-99.663,-102.677,-101.280,-100.707,-101.428,-101.026,-102.559,-103.522,-102.671,-101.137,-101.256,-99.654,-102.197,-101.764,-104.621,-101.945,-102.238,-103.289,-99.783,-100.138,-102.080,-100.478,-102.735,-101.741,-103.094,-99.908,-102.622,-102.353,-101.237,-100.802,-101.698,-101.329,-102.337,-101.402,-102.351,-101.577,-101.081,-104.618,-102.589,-100.943,-101.358,-101.576,-103.515,-100.305,-101.809,-103.346,-100.385,-101.485,-101.033,-102.087,-102.294,-101.510,-101.859,-102.135,-104.703,-100.539,-99.757,-101.386,-99.136,-100.830,-100.836,-99.817,-101.992,-101.069,-101.981,-100.996,-98.675,-103.575,-101.113,-100.884,-102.396,-99.007,-101.000,-103.579,-101.037,-102.516,-101.547,-99.414,-101.555,-100.911,-101.932,-102.957,-101.085
166.480,101.860,-100.342,-103.173,-102.249,-102.111,-102.690,-102.767,-101.443,-101.945,-102.899,-100.627,-105.386,-103.535,-102.941,-102.059,-100.788,-100.185,-101.357,-100.560,-101.994,-101.437,-101.186,-101.553,-101.196,-102.592,-103.123,-104.649,-101.827,-99.815,-102.138,-100.231,-101.525,-102.075,-103.106,-102.028,-98.972,-101.880,-102.072,-100.151,-102.384,-98.731,-101.457,-101.490,-99.956,-101.361,-100.336,-100.812,-101.228,-103.449,-104.418,-102.699,-100.750,-102.379,-102.430,-101.630,-102.967,-99.645,-101.730,-99.909,-102.588,-99.540,-102.343,-100.412,-101.087,-100.941,-97.665,-102.218,-101.571,-102.738,-102.882,-103.188,-101.254,-100.395,-100.137,-101.389,-99.981,-103.467,-100.118,-103.216,-102.623,-102.347,-100.865,-102.554,-101.604,-100.495,-100.409,-101.884,-102.899,-102.044,-100.369,-102.844,-102.173,-101.583,-100.212,-102.090,-104.190,-102.760,-100.513,-101.401,-101.749,-102.352,-101.104
123.440,101.860,-103.291,-103.853,-103.431,-100.229,-102.783,-99.823,-102.102,-100.894,-100.573,-101.503,-101.754,-104.448,-103.491,-101.519,-101.540,-101.635,-102.357,-102.452,-101.450,-103.897,-104.229,-102.206,-105.426,-101.283,-101.775,-100.310,-99.803,-100.861,-102.200,-100.038,-102.488,-102.609,-100.480,-101.739,-103.034,-98.421,-101.555,-102.300,-102.485,-101.649,-101.610,-101.701,-102.462,-101.598,-101.660,-102.941,-99.907,-102.568,-100.358,-98.164,-102.475,-102.649,-99.542,-103.650,-102.990,-102.544,-101.639,-100.415,-103.276,-101.286,-103.625,-102.190,-100.312,-102.321,-96.420,-103.187,-101.642,-100.466,-101.071,-101.947,-101.081,-100.766,-101.153,-101.941,-102.305,-101.583,-100.948,-102.082,-99.115,-100.745,-98.678,-102.458,-102.885,-104.195,-102.082,-101.018,-101.046,-98.620,-104.289,-103.749,-103.068,-100.106,-101.031,-100.847,-101.093,-101.055,-101.439,-101.183,-101.776,-100.767,-103.138
252.580,128.760,-99.759,-100.961,-102.260,-101.217,-102.421,-101.392,-102.658,-100.953,-103.052,-100.063,-101.715,-101.889,-100.339,-101.789,-98.937,-98.629,-102.824,-101.088,-102.864,-100.534,-99.770,-101.745,-99.861,-99.870,-101.477,-102.220,-100.762,-100.017,-101.604,-100.284,-101.303,-99.987,-100.288,-100.313,-105.448,-102.894,-101.051,-103.699,-102.303,-100.139,-101.586,-102.166,-100.442,-102.350,-101.134,-101.439,-102.447,-103.530,-99.736,-101.236,-100.581,-103.913,-100.904,-103.795,-98.822,-102.253,-104.073,-101.780,-101.439,-104.724,-98.825,-103.363,-99.976,-101.753,-101.564,-102.824,-102.453,-102.628,-98.713,-102.890,-101.769,-101.898,-103.119,-103.555,-99.049,-102.069,-103.277,-102.965,-102.692,-102.166,-101.608,-101.286,-102.042,-100.693,-101.610,-101.062,-99.895,-103.868,-101.043,-101.526,-102.680,-101.138,-100.977,-102.959,-103.321,-101.677,-103.935,-101.707,-102.099,-101.900,-100.960
144.960,134.140,-100.543,-102.062,-101.362,-104.853,-101.875,-102.507,-101.573,-100.483,-99.827,-99.272,-100.186,-100.806,-104.658,-102.991,-101.205,-100.538,-103.009,-98.863,-104.147,-102.380,-103.829,-99.903,-101.725,-102.617,-103.295,-102.531,-103.856,-102.741,-102.384,-100.861,-102.539,-99.818,-102.608,-102.368,-100.824,-101.551,-101.938,-101.416,-102.421,-102.618,-103.349,-99.484,-100.901,-99.311,-101.417,-100.472,-104.165,-103.021,-103.783,-101.961,-103.245,-101.156,-104.428,-99.880,-102.649,-100.275,-102.813,-99.360,-101.006,-102.708,-102.568,-102.714,-101.045,-101.381,-103.061,-104.047,-101.077,-100.900,-101.827,-100.610,-102.875,-98.133,-102.755,-101.572,-103.471,-102.063,-101.569,-102.600,-103.727,-102.160,-100.697,-102.430,-100.717,-99.030,-101.493,-100.131,-103.377,-103.447,-100.453,-101.493,-102.624,-100.749,-101.552,-99.960,-101.522,-100.368,-102.402,-102.817,-101.092,-100.479,-99.927
231.050,139.520,-103.281,-102.984,-100.807,-104.393,-99.847,-102.056,-99.812,-101.494,-101.517,-102.411,-100.022,-100.817,-102.608,-102.410,-98.379,-103.231,-100.324,-101.994,-100.874,-102.318,-101.041,-100.790,-102.871,-103.383,-103.365,-103.756,-101.866,-103.307,-102.372,-99.730,-101.503,-101.415,-101.755,-101.736,-101.398,-101.451,-99.747,-103.506,-102.180,-103.342,-101.144,-100.095,-104.413,-100.831,-102.492,-99.855,-101.137,-102.554,-101.504,-103.445,-100.034,-101.935,-100.218,-101.075,-98.907,-102.384,-100.412,-101.751,-101.695,-100.531,-101.876,-101.895,-100.170,-100.195,-100.089,-98.293,-100.992,-103.764,-102.075,-103.236,-100.304,-101.485,-100.701,-103.110,-103.677,-104.644,-103.151,-102.098,-102.750,-102.070,-101.030,-100.689,-100.260,-101.977,-98.504,-102.435,-102.654,-102.478,-102.131,-100.363,-103.168,-101.165,-101.972,-101.988,-99.815,-99.765,-100.671,-101.852,-100.116,-101.627,-103.888
231.050,107.240,-101.662,-102.275,-99.766,-101.738,-102.402,-101.095,-100.797,-101.389,-101.060,-102.884,-102.415,-100.374,-99.890,-100.846,-103.539,-102.516,-100.964,-101.301,-101.837,-104.506,-101.072,-101.127,-100.726,-102.695,-101.523,-100.024,-104.068,-102.204,-101.753,-101.952,-99.069,-101.351,-101.752,-100.344,-102.591,-100.607,-100.723,-104.222,-102.925,-101.747,-101.615,-101.953,-100.916,-102.324,-103.247,-101.278,-102.190,-102.634,-102.449,-99.354,-102.400,-102.455,-101.509,-99.994,-101.923,-102.246,-99.490,-100.308,-102.164,-99.989,-103.053,-101.022,-100.798,-101.952,-103.265,-100.774,-100.764,-100.797,-102.182,-98.507,-102.472,-101.648,-100.224,-103.340,-103.272,-104.105,-102.490,-102.312,-100.917,-103.930,-102.668,-104.308,-101.318,-101.569,-99.910,-102.942,-104.108,-102.050,-101.368,-101.313,-98.020,-102.089,-100.534,-102.521,-101.905,-102.387,-99.039,-102.059,-103.157,-102.818,-103.493
144.960,118.000,-103.818,-103.382,-103.287,-101.148,-99.202,-103.796,-104.212,-102.623,-99.243,-102.895,-102.140,-102.164,-100.810,-102.001,-105.300,-102.827,-102.076,-103.419,-103.211,-100.205,-101.408,-101.322,-102.509,-102.058,-99.726,-102.635,-98.849,-98.789,-101.971,-97.577,-101.641,-102.986,-102.554,-101.180,-102.265,-102.510,-103.552,-100.794,-102.741,-103.928,-101.535,-102.811,-102.305,-101.260,-103.111,-101.907,-102.825,-101.606,-101.881,-102.538,-100.761,-101.359,-102.025,-98.883,-100.815,-100.472,-103.368,-100.081,-99.323,-101.336,-103.020,-102.527,-100.966,-103.351,-103.661,-101.989,-102.587,-99.853,-102.854,-103.045,-101.262,-101.074,-100.896,-99.804,-100.980,-102.535,-100.966,-104.105,-101.372,-100.396,-104.539,-103.715,-102.349,-102.552,-101.326,-100.748,-102.340,-102.975,-98.393,-101.178,-103.104,-102.253,-103.129,-103.314,-99.759,-101.955,-103.177,-100.228,-103.050,-101.637,-102.513
144.960,107.240,-103.249,-101.662,-103.859,-104.485,-100.210,-101.895,-101.313,-102.889,-104.905,-102.561,-103.213,-103.189,-101.787,-103.784,-101.645,-100.728,-101.236,-101.158,-102.774,-102.482,-102.710,-100.609,-102.775,-102.615,-102.816,-99.897,-102.042,-103.485,-99.897,-102.287,-101.023,-98.912,-101.628,-98.911,-101.461,-102.342,-102.907,-99.166,-102.530,-101.448,-103.705,-100.763,-100.398,-100.689,-100.989,-103.212,-102.936,-100.933,-100.701,-100.907,-102.020,-100.069,-103.433,-101.576,-99.706,-102.391,-102.629,-103.643,-100.680,-104.544,-102.236,-101.792,-101.412,-102.304,-103.363,-98.903,-102.177,-101.004,-102.674,-100.908,-102.166,-101.051,-101.604,-101.164,-103.151,-102.267,-101.057,-100.952,-102.386,-103.271,-102.797,-100.932,-102.534,-101.763,-103.127,-102.320,-102.622,-102.828,-100.907,-102.712,-99.854,-103.897,-103.833,-100.511,-101.813,-100.144,-101.710,-100.823,-102.222,-101.905,-100.443
166.480,128.760,-101.838,-101.679,-102.173,-100.056,-103.164,-102.670,-104.397,-104.136,-101.610,-98.832,-102.990,-102.731,-99.478,-100.337,-100.336,-101.991,-102.361,-102.288,-101.904,-100.030,-103.358,-101.640,-100.176,-101.645,-102.782,-102.071,-99.463,-100.634,-101.560,-102.214,-100.538,-102.751,-101.794,-100.375,-101.986,-101.614,-102.436,-102.410,-103.329,-100.203,-103.044,-101.209,-102.877,-99.956,-101.845,-103.233,-100.334,-103.439,-100.956,-100.530,-99.998,-101.030,-102.530,-100.770,-101.803,-97.810,-99.703,-102.260,-101.539,-100.429,-101.402,-103.729,-102.556,-100.447,-101.662,-100.930,-101.607,-102.285,-101.914,-102.344,-97.993,-101.675,-100.406,-102.448,-102.765,-104.336,-102.184,-101.458,-101.433,-99.620,-100.116,-102.266,-99.947,-101.639,-101.353,-98.551,-102.810,-100.968,-102.082,-100.850,-101.756,-102.016,-99.934,-99.626,-102.953,-98.762,-100.847,-101.797,-101.045,-101.441,-101.270
166.480,91.100,-100.844,-102.052,-103.157,-100.761,-105.184,-99.941,-99.715,-101.514,-99.386,-101.622,-104.082,-101.067,-103.307,-101.801,-99.615,-98.356,-101.279,-100.302,-100.087,-100.293,-101.882,-103.595,-100.657,-97.834,-103.327,-102.366,-99.592,-101.136,-101.731,-105.026,-102.127,-102.546,-101.530,-105.356,-101.856,-104.730,-102.931,-101.059,-101.679,-102.048,-102.046,-101.153,-102.991,-103.226,-101.589,-101.879,-100.892,-102.987,-101.243,-100.547,-101.729,-101.772,-103.800,-100.429,-103.078,-101.291,-98.457,-102.160,-99.015,-101.941,-101.945,-99.646,-101.564,-101.331,-103.020,-101.225,-102.241,-100.141,-103.062,-99.219,-99.915,-99.823,-103.322,-101.842,-101.900,-99.652,-100.932,-99.758,-100.840,-101.913,-102.615,-99.676,-102.101,-98.307,-102.535,-101.270,-98.945,-102.927,-103.808,-102.589,-101.057,-101.776,-102.149,-101.252,-99.889,-99.364,-100.935,-101.435,-101.766,-102.962,-99.368
144.960,96.480,-101.907,-101.056,-100.515,-102.568,-101.074,-103.495,-100.367,-99.670,-101.309,-101.148,-101.650,-101.615,-101.887,-101.993,-100.574,-101.349,-100.222,-102.566,-100.176,-101.834,-103.559,-103.221,-101.141,-103.804,-98.902,-99.078,-99.747,-101.857,-104.730,-102.077,-100.158,-101.357,-100.973,-103.874,-100.431,-102.654,-103.224,-101.473,-102.715,-103.379,-101.924,-102.888,-100.158,-103.663,-100.666,-103.099,-104.238,-102.905,-101.533,-101.798,-100.690,-101.764,-100.804,-100.146,-99.908,-103.212,-102.966,-102.370,-102.759,-102.549,-100.732,-100.426,-99.996,-103.956,-100.808,-100.222,-100.040,-100.726,-100.224,-102.531,-101.902,-104.079,-102.896,-100.864,-103.785,-99.909,-98.775,-102.610,-101.010,-100.021,-102.609,-101.435,-101.477,-101.120,-100.938,-100.657,-102.623,-102.728,-101.255,-103.512,-100.931,-100.866,-102.447,-99.094,-102.093,-100.709,-100.276,-99.875,-102.067,-100.500,-102.133
123.440,123.380,-101.538,-101.637,-102.195,-102.746,-102.749,-100.804,-101.097,-99.860,-99.836,-101.551,-101.033,-99.443,-101.327,-100.500,-103.127,-101.017,-101.060,-100.942,-103.050,-102.208,-100.739,-100.632,-101.899,-99.004,-102.743,-98.031,-103.164,-100.321,-102.190,-101.679,-101.456,-101.533,-101.577,-101.046,-98.538,-101.753,-104.432,-101.543,-102.753,-101.390,-101.728,-102.407,-101.538,-103.104,-100.255,-101.475,-100.795,-102.428,-101.605,-102.213,-100.855,-102.016,-99.878,-100.377,-100.958,-101.737,-102.541,-101.416,-103.821,-102.424,-101.796,-102.451,-101.435,-102.958,-101.859,-103.176,-100.303,-101.606,-99.311,-102.023,-100.856,-99.640,-99.786,-103.830,-102.040,-101.672,-101.564,-101.066,-102.665,-101.429,-102.700,-103.858,-102.973,-101.874,-100.847,-102.441,-102.395,-103.763,-102.838,-101.088,-101.871,-101.224,-103.269,-103.824,-102.437,-100.885,-101.920,-102.717,-100.243,-101.988,-103.230
295.620,123.380,-101.358,-102.079,-100.792,-102.461,-101.435,-103.255,-103.270,-102.416,-100.237,-98.657,-101.381,-100.306,-101.919,-103.477,-101.001,-101.166,-101.709,-99.986,-101.464,-101.878,-101.324,-101.795,-101.591,-100.579,-102.387,-103.226,-101.816,-102.422,-101.433,-103.316,-101.898,-102.486,-102.307,-98.084,-100.806,-103.094,-100.509,-101.037,-101.712,-104.646,-101.649,-102.201,-102.109,-103.678,-100.616,-101.330,-101.677,-101.263,-102.623,-103.535,-101.974,-102.796,-101.663,-103.347,-103.635,-100.568,-101.220,-99.678,-101.458,-102.999,-100.671,-101.114,-102.357,-104.006,-101.627,-104.486,-100.654,-100.975,-98.952,-101.182,-100.193,-101.569,-102.774,-101.276,-102.748,-102.081,-102.045,-103.058,-102.742,-102.954,-101.154,-101.783,-99.413,-99.956,-104.448,-103.291,-101.302,-99.526,-101.574,-103.631,-100.700,-101.568,-101.165,-98.993,-100.726,-99.360,-103.978,-101.486,-102.221,-102.305,-102.243
295.620,139.520,-103.449,-99.895,-101.712,-99.121,-101.917,-102.552,-101.243,-103.004,-102.322,-100.835,-100.488,-100.290,-102.348,-98.244,-99.287,-101.373,-103.918,-100.425,-102.081,-99.869,-99.809,-101.805,-99.117,-100.548,-99.951,-100.011,-100.665,-99.545,-100.971,-102.793,-102.202,-103.449,-102.392,-101.094,-100.539,-100.978,-101.534,-103.809,-100.495,-103.208,-101.630,-100.024,-104.501,-102.690,-100.200,-100.678,-102.267,-101.830,-100.944,-100.563,-101.405,-104.282,-102.013,-102.668,-101.687,-101.799,-103.199,-101.192,-100.648,-100.644,-100.365,-103.506,-102.763,-101.797,-101.009,-100.664,-103.873,-101.199,-101.901,-103.276,-103.351,-103.129,-99.668,-103.842,-100.931,-102.935,-102.180,-102.522,-103.572,-103.411,-101.795,-101.356,-101.780,-104.830,-98.991,-99.916,-102.338,-98.964,-101.948,-102.653,-102.933,-101.150,-101.771,-103.051,-101.886,-101.555,-101.990,-104.153,-104.076,-102.309,-102.645
231.050,96.480,-99.304,-99.541,-103.819,-103.996,-101.954,-103.513,-103.131,-103.112,-102.464,-101.298,-102.610,-103.689,-103.627,-99.511,-98.965,-101.193,-101.451,-102.023,-100.812,-100.679,-103.464,-100.491,-105.315,-103.101,-101.230,-100.619,-102.725,-101.573,-101.266,-103.153,-103.082,-100.429,-104.486,-104.978,-102.841,-102.907,-100.194,-99.624,-100.671,-102.133,-99.720,-100.438,-102.019,-104.037,-102.845,-97.603,-100.384,-100.382,-101.297,-101.022,-100.499,-99.449,-100.903,-101.550,-102.130,-101.362,-101.894,-102.792,-99.674,-101.116,-97.540,-99.268,-102.283,-99.392,-99.016,-100.423,-102.665,-103.322,-101.737,-102.883,-103.267,-101.764,-102.055,-102.610,-105.248,-103.503,-102.768,-102.253,-103.825,-103.598,-103.073,-103.135,-98.620,-101.519,-100.351,-100.736,-102.939,-100.882,-100.309,-104.346,-100.448,-100.903,-101.658,-101.230,-101.331,-102.945,-101.959,-104.149,-101.811,-99.495,-100.654
231.050,123.380,-101.405,-99.092,-101.198,-101.772,-104.525,-102.141,-101.964,-101.732,-103.137,-101.435,-104.810,-104.082,-100.063,-101.139,-102.030,-99.168,-97.926,-102.897,-103.159,-102.842,-102.270,-100.492,-101.637,-102.736,-101.059,-98.518,-102.455,-102.827,-101.733,-101.486,-101.897,-101.076,-100.509,-102.766,-103.959,-101.157,-101.438,-101.499,-100.314,-103.034,-100.595,-102.946,-100.820,-103.382,-102.432,-100.161,-103.636,-102.250,-101.831,-101.070,-103.908,-98.615,-101.276,-103.688,-100.228,-98.320,-100.443,-98.740,-101.876,-101.609,-100.540,-102.133,-102.529,-98.681,-102.145,-100.295,-102.411,-102.418,-101.641,-100.365,-100.728,-101.271,-100.461,-102.643,-97.675,-103.245,-102.400,-102.348,-104.712,-103.400,-102.885,-102.600,-101.611,-101.889,-101.545,-102.887,-101.294,-100.473,-102.943,-102.095,-103.656,-100.993,-101.443,-103.773,-101.325,-102.655,-103.508,-99.868,-101.622,-101.662,-104.452
274.100,123.380,-103.864,-102.156,-102.304,-101.908,-100.271,-101.143,-103.853,-102.550,-101.474,-103.434,-100.126,-102.985,-101.443,-99.345,-101.804,-101.355,-99.014,-99.291,-102.462,-100.421,-101.400,-103.802,-103.561,-101.659,-101.519,-100.450,-102.018,-103.610,-99.554,-101.568,-101.578,-102.169,-102.210,-101.032,-103.548,-100.681,-101.483,-101.644,-101.280,-105.616,-101.866,-102.528,-102.291,-102.396,-101.679,-100.016,-102.189,-104.625,-101.371,-105.278,-100.094,-101.413,-102.771,-102.246,-99.809,-103.509,-103.414,-103.646,-102.486,-102.272,-100.515,-101.143,-102.859,-100.410,-102.956,-102.188,-102.729,-100.582,-100.169,-102.746,-102.596,-98.527,-102.188,-100.855,-101.492,-99.948,-103.041,-101.846,-101.000,-102.410,-105.213,-100.218,-99.032,-102.040,-100.896,-99.290,-100.938,-104.974,-98.923,-101.507,-102.007,-102.256,-103.638,-99.761,-99.666,-100.888,-102.597,-101.434,-102.536,-101.575,-101.560
231.050,91.100,-105.470,-102.956,-102.768,-102.534,-102.408,-101.559,-98.561,-103.508,-101.708,-102.003,-100.662,-100.821,-102.236,-101.733,-101.514,-102.876,-101.704,-101.543,-100.698,-100.091,-100.903,-101.981,-101.532,-102.996,-101.680,-103.038,-99.478,-103.073,-101.360,-100.386,-102.977,-99.930,-103.409,-101.152,-102.563,-103.220,-100.188,-102.752,-102.810,-101.460,-101.438,-104.594,-103.133,-101.029,-100.832,-100.085,-100.828,-103.242,-102.664,-100.101,-102.990,-102.479,-102.793,-102.988,-101.396,-103.829,-101.957,-102.065,-102.516,-98.750,-101.798,-102.627,-100.408,-102.782,-103.620,-100.951,-100.567,-101.032,-102.665,-99.388,-102.015,-104.173,-102.171,-101.071,-100.510,-99.469,-100.283,-103.098,-99.490,-99.224,-100.538,-99.380,-103.966,-101.140,-101.166,-101.335,-104.313,-102.467,-102.935,-99.813,-102.495,-100.912,-102.293,-102.486,-102.468,-103.558,-103.290,-103.736,-101.317,-100.972,-101.310
274.100,134.140,-102.763,-100.169,-100.550,-100.966,-101.619,-101.392,-100.767,-101.688,-101.761,-101.687,-101.573,-100.889,-101.990,-102.478,-102.842,-104.923,-104.034,-99.960,-100.801,-101.520,-102.066,-102.150,-102.238,-102.664,-102.909,-100.386,-103.307,-102.417,-102.052,-102.223,-101.110,-99.650,-102.060,-100.793,-102.318,-102.501,-99.987,-99.711,-100.943,-102.086,-101.254,-99.704,-101.161,-101.194,-100.174,-101.454,-97.147,-101.524,-101.083,-99.778,-101.419,-100.794,-102.721,-101.006,-103.866,-101.899,-104.262,-100.393,-98.724,-104.059,-100.753,-101.803,-102.158,-103.332,-102.485,-100.968,-104.030,-102.566,-102.191,-101.702,-99.317,-101.397,-104.133,-100.588,-102.610,-101.952,-101.192,-101.151,-101.771,-101.301,-100.538,-102.748,-103.988,-102.304,-100.477,-101.165,-102.409,-103.547,-101.896,-98.555,-101.182,-101.811,-102.500,-102.624,-101.376,-100.493,-102.495,-102.077,-103.374,-102.184,-103.283
188.010,96.480,-103.058,-100.532,-102.776,-101.361,-102.010,-102.212,-100.523,-101.820,-99.880,-99.890,-101.445,-101.553,-100.850,-100.529,-100.004,-104.096,-102.124,-102.652,-102.137,-101.409,-101.733,-105.788,-102.154,-98.898,-100.573,-100.962,-99.919,-100.777,-101.926,-103.207,-102.439,-101.382,-102.414,-99.441,-103.007,-103.827,-103.191,-100.548,-103.182,-99.932,-99.350,-99.581,-103.408,-101.882,-100.014,-101.756,-100.757,-100.677,-99.626,-100.950,-99.457,-104.525,-101.584,-101.123,-99.879,-102.471,-102.099,-101.926,-100.557,-103.173,-102.573,-103.594,-101.146,-102.351,-101.872,-101.813,-104.115,-103.549,-98.678,-100.637,-103.042,-102.208,-101.609,-102.817,-101.029,-103.384,-102.364,-102.336,-102.130,-100.440,-102.262,-100.187,-102.672,-103.244,-101.102,-105.265,-102.490,-101.979,-101.783,-100.382,-103.372,-100.125,-102.817,-102.314,-99.513,-102.550,-101.538,-101.940,-100.581,-102.934,-104.400
188.010,123.380,-102.139,-102.039,-100.874,-102.229,-100.287,-102.848,-99.709,-101.465,-103.618,-101.677,-101.607,-102.666,-100.870,-102.486,-103.030,-102.591,-103.450,-104.586,-99.619,-102.411,-102.078,-101.150,-103.127,-101.749,-103.543,-101.965,-100.333,-102.908,-100.498,-103.100,-100.404,-101.123,-103.430,-100.238,-102.808,-103.016,-100.674,-101.560,-101.196,-103.849,-101.794,-102.978,-104.612,-102.451,-104.049,-103.009,-100.442,-101.178,-98.788,-100.400,-101.866,-101.726,-101.440,-101.045,-100.493,-103.609,-101.546,-103.012,-99.367,-101.669,-102.706,-100.409,-101.847,-101.349,-102.126,-101.408,-101.092,-101.348,-104.111,-102.337,-103.594,-102.245,-102.561,-103.227,-103.867,-100.173,-99.599,-102.320,-101.803,-100.981,-100.195,-97.894,-101.286,-100.352,-99.176,-101.862,-101.573,-100.284,-102.873,-102.353,-99.639,-100.910,-100.334,-100.766,-101.167,-103.562,-101.264,-102.875,-99.975,-102.520,-100.969
252.580,101.860,-101.127,-99.138,-101.500,-103.294,-100.789,-103.935,-98.438,-99.447,-99.498,-100.999,-104.073,-102.382,-98.104,-102.003,-102.695,-101.435,-100.585,-103.042,-101.235,-103.973,-103.117,-101.983,-100.931,-102.594,-99.890,-102.435,-103.942,-103.420,-101.565,-100.955,-101.187,-100.400,-102.862,-101.645,-99.855,-100.854,-100.495,-97.818,-100.939,-101.217,-101.897,-102.857,-101.825,-101.531,-101.107,-101.403,-99.908,-100.513,-99.277,-100.691,-101.758,-101.895,-103.125,-102.812,-98.941,-101.572,-104.637,-100.997,-102.326,-102.257,-102.880,-103.469,-102.349,-102.498,-101.836,-99.923,-99.924,-100.669,-100.179,-101.562,-101.998,-100.596,-100.325,-101.229,-101.874,-103.787,-100.656,-101.405,-101.326,-101.796,-101.795,-103.327,-102.575,-100.414,-101.470,-101.011,-100.610,-99.580,-100.742,-102.804,-101.721,-103.093,-100.064,-102.802,-101.582,-98.792,-102.031,-101.841,-101.530,-100.037,-102.796
188.010,107.240,-101.085,-101.915,-103.213,-102.535,-102.605,-101.800,-101.554,-102.443,-100.174,-102.216,-103.617,-102.265,-104.178,-100.567,-103.414,-102.209,-103.230,-103.646,-103.037,-101.507,-101.649,-101.015,-101.521,-102.462,-101.985,-98.711,-103.549,-101.717,-104.271,-101.169,-100.355,-99.984,-104.447,-101.409,-102.073,-101.254,-104.202,-101.267,-103.421,-100.196,-103.143,-100.712,-100.697,-103.239,-99.845,-101.211,-101.670,-102.658,-103.245,-101.873,-102.037,-103.036,-98.503,-100.727,-103.164,-102.774,-99.827,-102.316,-100.884,-102.189,-102.977,-101.691,-102.328,-102.489,-100.231,-102.682,-101.110,-99.278,-101.477,-102.135,-102.990,-99.572,-105.238,-102.940,-100.892,-101.166,-100.125,-100.252,-102.439,-100.566,-100.440,-101.492,-99.476,-102.439,-103.334,-101.040,-101.675,-102.417,-100.557,-102.090,-101.255,-101.293,-103.652,-101.037,-100.532,-102.501,-101.954,-99.835,-102.542,-101.787,-100.612
252.580,112.620,-103.255,-102.546,-100.871,-101.378,-102.050,-100.787,-100.976,-101.058,-101.920,-101.212,-102.044,-103.398,-99.885,-100.968,-98.156,-103.411,-100.910,-103.231,-100.307,-101.922,-102.500,-100.161,-100.708,-105.695,-100.270,-100.136,-100.371,-100.150,-101.040,-100.456,-100.299,-102.197,-100.994,-103.633,-102.601,-101.010,-101.443,-102.815,-98.737,-102.640,-103.471,-100.170,-100.193,-101.041,-102.420,-103.706,-100.742,-101.791,-104.268,-99.462,-101.990,-102.052,-99.644,-102.419,-102.202,-103.476,-101.974,-102.025,-102.649,-99.969,-100.545,-101.708,-101.822,-101.069,-100.875,-100.792,-102.074,-101.665,-97.571,-103.506,-102.288,-101.943,-101.896,-102.632,-99.248,-100.046,-99.667,-103.527,-103.631,-99.311,-100.491,-101.349,-103.156,-101.667,-102.698,-101.942,-101.606,-101.346,-101.579,-102.810,-101.194,-103.306,-103.323,-101.389,-99.472,-98.462,-99.279,-103.081,-103.204,-101.783,-99.551
274.100,139.520,-101.240,-103.124,-101.106,-101.188,-101.148,-102.567,-102.174,-103.880,-102.402,-101.057,-99.450,-101.541,-102.621,-103.717,-102.204,-102.629,-101.582,-102.775,-100.107,-101.267,-100.354,-99.882,-102.646,-101.981,-102.531,-101.065,-100.469,-101.272,-101.936,-101.929,-100.533,-100.169,-99.127,-100.995,-99.766,-99.608,-102.347,-101.506,-100.108,-101.309,-101.293,-102.429,-101.017,-101.978,-101.183,-101.168,-101.194,-102.414,-101.732,-100.862,-98.386,-102.373,-101.665,-100.309,-102.547,-101.598,-101.663,-101.795,-101.960,-101.378,-102.108,-100.575,-101.901,-100.821,-99.678,-101.128,-101.734,-104.139,-102.252,-100.160,-101.952,-101.330,-101.300,-101.602,-102.696,-99.703,-103.005,-101.988,-98.492,-103.200,-103.181,-104.470,-100.508,-100.540,-101.685,-104.555,-102.919,-102.104,-101.813,-100.631,-102.646,-101.789,-100.502,-101.498,-103.387,-102.037,-98.538,-103.136,-101.515,-100.086,-100.546
274.100,91.100,-102.044,-99.149,-98.795,-102.619,-100.414,-100.942,-99.963,-100.740,-100.692,-102.634,-100.722,-100.180,-102.484,-101.591,-101.523,-101.650,-101.666,-101.768,-100.835,-102.065,-101.092,-102.190,-100.130,-103.671,-101.591,-101.551,-99.966,-101.182,-101.012,-101.047,-103.421,-102.148,-101.993,-100.443,-102.390,-102.617,-103.058,-102.118,-103.285,-103.397,-101.274,-100.057,-101.643,-102.441,-101.508,-99.105,-103.211,-101.425,-103.337,-98.926,-101.599,-100.254,-100.876,-100.981,-102.560,-101.263,-102.874,-103.326,-99.408,-101.077,-103.725,-103.252,-101.254,-101.115,-104.577,-100.412,-101.126,-98.083,-100.414,-99.979,-101.127,-100.146,-100.756,-101.818,-101.271,-99.928,-101.262,-102.682,-103.105,-101.482,-101.515,-102.281,-100.497,-102.157,-105.955,-102.573,-101.336,-100.600,-100.855,-102.240,-102.239,-99.200,-101.076,-103.678,-102.795,-100.417,-100.080,-101.345,-102.583,-100.045,-103.822
209.530,96.480,-100.260,-102.114,-100.361,-101.866,-101.781,-103.868,-101.897,-103.011,-102.751,-100.875,-101.037,-102.068,-99.076,-106.594,-102.910,-100.410,-102.087,-100.822,-100.744,-102.746,-101.432,-99.488,-102.405,-101.958,-101.754,-101.756,-102.017,-103.838,-101.357,-102.568,-99.703,-101.576,-99.334,-99.961,-102.506,-101.116,-103.047,-100.791,-99.951,-99.707,-100.626,-100.107,-102.339,-102.180,-102.240,-102.862,-101.173,-99.878,-99.680,-99.602,-101.600,-100.675,-101.136,-105.280,-100.993,-100.996,-100.996,-102.081,-103.030,-102.626,-101.549,-98.821,-103.662,-103.932,-102.193,-99.420,-104.026,-102.474,-98.844,-102.289,-100.487,-100.763,-101.891,-99.787,-100.669,-100.523,-101.953,-99.121,-99.629,-102.945,-104.750,-102.012,-101.693,-101.246,-101.812,-98.853,-100.656,-102.455,-102.274,-101.036,-103.454,-99.229,-101.354,-101.345,-101.726,-102.572,-101.829,-98.083,-102.183,-101.227,-103.431
188.010,139.520,-101.998,-99.647,-102.765,-100.882,-101.965,-100.269,-103.193,-102.532,-104.782,-99.590,-106.613,-102.299,-101.304,-100.016,-103.310,-102.708,-100.938,-100.360,-100.993,-101.661,-100.609,-100.477,-103.264,-102.250,-100.244,-100.461,-102.404,-102.265,-100.731,-102.560,-101.821,-102.415,-102.832,-102.283,-103.858,-100.975,-102.248,-100.821,-99.997,-98.951,-101.732,-101.863,-103.466,-101.017,-102.118,-102.016,-100.687,-100.354,-101.822,-101.603,-101.283,-101.714,-100.814,-101.260,-101.757,-101.805,-101.898,-103.813,-103.357,-102.339,-101.674,-100.745,-102.841,-101.760,-101.519,-102.564,-99.856,-101.321,-101.016,-101.197,-102.732,-101.205,-101.008,-100.847,-100.680,-102.226,-104.794,-102.243,-101.603,-104.260,-102.370,-98.183,-101.696,-101.375,-101.475,-100.929,-99.466,-101.804,-103.293,-100.820,-103.297,-101.557,-99.823,-102.184,-100.868,-102.510,-104.053,-101.045,-99.927,-102.645,-102.803
274.100,112.620,-100.817,-101.264,-103.249,-100.248,-103.445,-103.498,-98.762,-101.406,-102.675,-101.623,-100.586,-100.181,-102.759,-101.200,-103.138,-102.092,-101.993,-102.539,-102.081,-104.037,-99.986,-103.686,-99.744,-101.965,-101.675,-100.775,-101.091,-103.825,-100.045,-99.963,-99.690,-100.879,-101.613,-101.596,-102.447,-101.917,-102.203,-100.732,-98.369,-102.274,-101.821,-102.044,-100.269,-101.508,-102.669,-100.535,-100.699,-102.615,-101.807,-102.862,-99.881,-100.948,-101.112,-103.172,-102.130,-102.163,-99.128,-102.427,-102.456,-104.522,-100.370,-101.025,-97.652,-102.269,-101.448,-102.252,-99.954,-101.927,-100.815,-102.130,-102.281,-101.424,-103.400,-97.653,-100.301,-100.884,-101.657,-101.964,-102.797,-103.515,-102.186,-100.987,-99.937,-101.625,-100.367,-100.539,-102.652,-100.594,-97.562,-101.614,-101.513,-102.256,-102.414,-102.658,-103.498,-104.422,-99.895,-103.115,-101.815,-100.632,-100.326
209.530,139.520,-100.342,-101.349,-104.452,-100.437,-101.346,-103.279,-100.843,-101.937,-99.013,-102.972,-100.325,-103.535,-102.535,-103.361,-103.449,-102.910,-101.204,-101.815,-101.123,-104.682,-99.965,-101.864,-99.658,-101.443,-99.706,-100.469,-100.554,-101.618,-100.702,-101.410,-103.487,-101.567,-100.583,-102.068,-100.068,-104.289,-103.590,-101.453,-99.734,-99.421,-101.271,-100.804,-103.281,-100.721,-100.368,-101.992,-100.917,-99.786,-101.845,-102.393,-99.805,-101.501,-102.684,-101.165,-101.432,-102.166,-103.012,-100.353,-103.163,-99.341,-102.583,-101.337,-103.623,-104.191,-102.502,-102.018,-98.956,-101.890,-103.217,-100.921,-99.186,-100.705,-105.427,-100.370,-100.841,-102.644,-102.172,-101.366,-100.520,-101.440,-100.416,-99.984,-101.253,-102.179,-100.968,-100.608,-102.690,-101.588,-100.956,-101.456,-102.881,-102.836,-99.525,-103.765,-103.428,-101.284,-101.721,-103.967,-103.595,-103.801,-103.389
209.530,101.860,-100.727,-102.356,-101.868,-101.878,-101.767,-103.454,-101.042,-101.777,-101.663,-101.042,-101.835,-101.902,-101.507,-101.360,-102.729,-103.033,-100.763,-99.581,-101.251,-101.506,-100.486,-101.549,-104.562,-101.611,-101.882,-100.870,-98.813,-102.885,-103.427,-100.299,-101.182,-100.616,-102.371,-101.044,-101.714,-103.315,-101.867,-100.703,-101.621,-101.577,-101.935,-103.275,-102.660,-101.961,-102.774,-101.862,-104.058,-102.292,-103.319,-102.140,-104.833,-100.271,-101.013,-103.017,-103.197,-101.424,-101.083,-103.024,-103.028,-99.757,-101.753,-101.407,-103.662,-101.908,-100.208,-101.020,-102.257,-100.353,-99.213,-102.696,-104.217,-100.235,-100.414,-101.561,-101.849,-100.594,-99.541,-100.120,-100.799,-101.102,-100.075,-102.168,-100.657,-100.484,-102.354,-100.918,-103.405,-102.602,-99.653,-102.327,-100.971,-102.678,-100.991,-101.991,-101.563,-102.963,-100.888,-104.311,-102.669,-102.794,-100.352
123.437,91.097,-98.695,-98.695,-98.695,-98.695,-98.695,-98.695,-98.695,-98.695,-98.695,-98.695,-98.695,-98.695,-98.695,-98.695,-98.695,-98.695,-98.695,-98.695,-98.695,-98.695,-98.695,-98.695,-98.695,-98.695,-98.695,-98.695,-98.695,-98.695,-98.695,-98.695,-98.695,-98.695,-98.695,-98.695,-98.695,-98.695,-98.695,-98.695,-98.695,-98.695,-98.695,-98.695,-98.695,-98.695,-98.695,-98.695,-98.695,-98.695,-98.695,-98.695,-98.695,-98.695,-98.695,-98.695,-98.695,-98.695,-98.695,-98.695,-98.695,-98.695,-98.695,-98.695,-98.695,-98.695,-98.695,-98.695,-98.695,-98.695,-98.695,-98.695,-98.695,-98.695,-98.695,-98.695,-98.695,-98.695,-98.695,-98.695,-98.695,-98.695,-98.695,-98.695,-98.695,-98.695,-98.695,-98.695,-98.695,-98.695,-98.695,-98.695,-98.695,-98.695,-98.695,-98.695,-98.695,-98.695,-98.695,-98.695,-98.695,-98.695,-98.695
144.960,91.097,-98.645,-98.645,-98.645,-98.645,-98.645,-98.645,-98.645,-98.645,-98.645,-98.645,-98.645,-98.645,-98.645,-98.645,-98.645,-98.645,-98.645,-98.645,-98.645,-98.645,-98.645,-98.645,-98.645,-98.645,-98.645,-98.645,-98.645,-98.645,-98.645,-98.645,-98.645,-98.645,-98.645,-98.645,-98.645,-98.645,-98.645,-98.645,-98.645,-98.645,-98.645,-98.645,-98.645,-98.645,-98.645,-98.645,-98.645,-98.645,-98.645,-98.645,-98.645,-98.645,-98.645,-98.645,-98.645,-98.645,-98.645,-98.645,-98.645,-98.645,-98.645,-98.645,-98.645,-98.645,-98.645,-98.645,-98.645,-98.645,-98.645,-98.645,-98.645,-98.645,-98.645,-98.645,-98.645,-98.645,-98.645,-98.645,-98.645,-98.645,-98.645,-98.645,-98.645,-98.645,-98.645,-98.645,-98.645,-98.645,-98.645,-98.645,-98.645,-98.645,-98.645,-98.645,-98.645,-98.645,-98.645,-98.645,-98.645,-98.645,-98.645
166.484,91.097,-97.834,-97.834,-97.834,-97.834,-97.834,-97.834,-97.834,-97.834,-97.834,-97.834,-97.834,-97.834,-97.834,-97.834,-97.834,-97.834,-97.834,-97.834,-97.834,-97.834,-97.834,-97.834,-97.834,-97.834,-97.834,-97.834,-97.834,-97.834,-97.834,-97.834,-97.834,-97.834,-97.834,-97.834,-97.834,-97.834,-97.834,-97.834,-97.834,-97.834,-97.834,-97.834,-97.834,-97.834,-97.834,-97.834,-97.834,-97.834,-97.834,-97.834,-97.834,-97.834,-97.834,-97.834,-97.834,-97.834,-97.834,-97.834,-97.834,-97.834,-97.834,-97.834,-97.834,-97.834,-97.834,-97.834,-97.834,-97.834,-97.834,-97.834,-97.834,-97.834,-97.834,-97.834,-97.834,-97.834,-97.834,-97.834,-97.834,-97.834,-97.834,-97.834,-97.834,-97.834,-97.834,-97.834,-97.834,-97.834,-97.834,-97.834,-97.834,-97.834,-97.834,-97.834,-97.834,-97.834,-97.834,-97.834,-97.834,-97.834,-97.834
188.007,91.097,-97.747,-97.747,-97.747,-97.747,-97.747,-97.747,-97.747,-97.747,-97.747,-97.747,-97.747,-97.747,-97.747,-97.747,-97.747,-97.747,-97.747,-97.747,-97.747,-97.747,-97.747,-97.747,-97.747,-97.747,-97.747,-97.747,-97.747,-97.747,-97.747,-97.747,-97.747,-97.747,-97.747,-97.747,-97.747,-97.747,-97.747,-97.747,-97.747,-97.747,-97.747,-97.747,-97.747,-97.747,-97.747,-97.747,-97.747,-97.747,-97.747,-97.747,-97.747,-97.747,-97.747,-97.747,-97.747,-97.747,-97.747,-97.747,-97.747,-97.747,-97.747,-97.747,-97.747,-97.747,-97.747,-97.747,-97.747,-97.747,-97.747,-97.747,-97.747,-97.747,-97.747,-97.747,-97.747,-97.747,-97.747,-97.747,-97.747,-97.747,-97.747,-97.747,-97.747,-97.747,-97.747,-97.747,-97.747,-97.747,-97.747,-97.747,-97.747,-97.747,-97.747,-97.747,-97.747,-97.747,-97.747,-97.747,-97.747,-97.747,-97.747
209.530,91.097,-96.281,-96.281,-96.281,-96.281,-96.281,-96.281,-96.281,-96.281,-96.281,-96.281,-96.281,-96.281,-96.281,-96.281,-96.281,-96.281,-96.281,-96.281,-96.281,-96.281,-96.281,-96.281,-96.281,-96.281,-96.281,-96.281,-96.281,-96.281,-96.281,-96.281,-96.281,-96.281,-96.281,-96.281,-96.281,-96.281,-96.281,-96.281,-96.281,-96.281,-96.281,-96.281,-96.281,-96.281,-96.281,-96.281,-96.281,-96.281,-96.281,-96.281,-96.281,-96.281,-96.281,-96.281,-96.281,-96.281,-96.281,-96.281,-96.281,-96.281,-96.281,-96.281,-96.281,-96.281,-96.281,-96.281,-96.281,-96.281,-96.281,-96.281,-96.281,-96.281,-96.281,-96.281,-96.281,-96.281,-96.281,-96.281,-96.281,-96.281,-96.281,-96.281,-96.281,-96.281,-96.281,-96.281,-96.281,-96.281,-96.281,-96.281,-96.281,-96.281,-96.281,-96.281,-96.281,-96.281,-96.281,-96.281,-96.281,-96.281,-96.281
231.054,91.097,-98.561,-98.561,-98.561,-98.561,-98.561,-98.561,-98.561,-98.561,-98.561,-98.561,-98.561,-98.561,-98.561,-98.561,-98.561,-98.561,-98.561,-98.561,-98.561,-98.561,-98.561,-98.561,-98.561,-98.561,-98.561,-98.561,-98.561,-98.561,-98.561,-98.561,-98.561,-98.561,-98.561,-98.561,-98.561,-98.561,-98.561,-98.561,-98.561,-98.561,-98.561,-98.561,-98.561,-98.561,-98.561,-98.561,-98.561,-98.561,-98.561,-98.561,-98.561,-98.561,-98.561,-98.561,-98.561,-98.561,-98.561,-98.561,-98.561,-98.561,-98.561,-98.561,-98.561,-98.561,-98.561,-98.561,-98.561,-98.561,-98.561,-98.561,-98.561,-98.561,-98.561,-98.561,-98.561,-98.561,-98.561,-98.561,-98.561,-98.561,-98.561,-98.561,-98.561,-98.561,-98.561,-98.561,-98.561,-98.561,-98.561,-98.561,-98.561,-98.561,-98.561,-98.561,-98.561,-98.561,-98.561,-98.561,-98.561,-98.561,-98.561
252.577,91.097,-96.725,-96.725,-96.725,-96.725,-96.725,-96.725,-96.725,-96.725,-96.725,-96.725,-96.725,-96.725,-96.725,-96.725,-96.725,-96.725,-96.725,-96.725,-96.725,-96.725,-96.725,-96.725,-96.725,-96.725,-96.725,-96.725,-96.725,-96.725,-96.725,-96.725,-96.725,-96.725,-96.725,-96.725,-96.725,-96.725,-96.725,-96.725,-96.725,-96.725,-96.725,-96.725,-96.725,-96.725,-96.725,-96.725,-96.725,-96.725,-96.725,-96.725,-96.725,-96.725,-96.725,-96.725,-96.725,-96.725,-96.725,-96.725,-96.725,-96.725,-96.725,-96.725,-96.725,-96.725,-96.725,-96.725,-96.725,-96.725,-96.725,-96.725,-96.725,-96.725,-96.725,-96.725,-96.725,-96.725,-96.725,-96.725,-96.725,-96.725,-96.725,-96.725,-96.725,-96.725,-96.725,-96.725,-96.725,-96.725,-96.725,-96.725,-96.725,-96.725,-96.725,-96.725,-96.725,-96.725,-96.725,-96.725,-96.725,-96.725,-96.725
274.100,91.097,-98.083,-98.083,-98.083,-98.083,-98.083,-98.083,-98.083,-98.083,-98.083,-98.083,-98.083,-98.083,-98.083,-98.083,-98.083,-98.083,-98.083,-98.083,-98.083,-98.083,-98.083,-98.083,-98.083,-98.083,-98.083,-98.083,-98.083,-98.083,-98.083,-98.083,-98.083,-98.083,-98.083,-98.083,-98.083,-98.083,-98.083,-98.083,-98.083,-98.083,-98.083,-98.083,-98.083,-98.083,-98.083,-98.083,-98.083,-98.083,-98.083,-98.083,-98.083,-98.083,-98.083,-98.083,-98.083,-98.083,-98.083,-98.083,-98.083,-98.083,-98.083,-98.083,-98.083,-98.083,-98.083,-98.083,-98.083,-98.083,-98.083,-98.083,-98.083,-98.083,-98.083,-98.083,-98.083,-98.083,-98.083,-98.083,-98.083,-98.083,-98.083,-98.083,-98.083,-98.083,-98.083,-98.083,-98.083,-98.083,-98.083,-98.083,-98.083,-98.083,-98.083,-98.083,-98.083,-98.083,-98.083,-98.083,-98.083,-98.083,-98.083
295.624,91.097,-98.338,-98.338,-98.338,-98.338,-98.338,-98.338,-98.338,-98.338,-98.338,-98.338,-98.338,-98.338,-98.338,-98.338,-98.338,-98.338,-98.338,-98.338,-98.338,-98.338,-98.338,-98.338,-98.338,-98.338,-98.338,-98.338,-98.338,-98.338,-98.338,-98.338,-98.338,-98.338,-98.338,-98.338,-98.338,-98.338,-98.338,-98.338,-98.338,-98.338,-98.338,-98.338,-98.338,-98.338,-98.338,-98.338,-98.338,-98.338,-98.338,-98.338,-98.338,-98.338,-98.338,-98.338,-98.338,-98.338,-98.338,-98.338,-98.338,-98.338,-98.338,-98.338,-98.338,-98.338,-98.338,-98.338,-98.338,-98.338,-98.338,-98.338,-98.338,-98.338,-98.338,-98.338,-98.338,-98.338,-98.338,-98.338,-98.338,-98.338,-98.338,-98.338,-98.338,-98.338,-98.338,-98.338,-98.338,-98.338,-98.338,-98.338,-98.338,-98.338,-98.338,-98.338,-98.338,-98.338,-98.338,-98.338,-98.338,-98.338,-98.338
317.147,91.097,-98.800,-98.800,-98.800,-98.800,-98.800,-98.800,-98.800,-98.800,-98.800,-98.800,-98.800,-98.800,-98.800,-98.800,-98.800,-98.800,-98.800,-98.800,-98.800,-98.800,-98.800,-98.800,-98.800,-98.800,-98.800,-98.800,-98.800,-98.800,-98.800,-98.800,-98.800,-98.800,-98.800,-98.800,-98.800,-98.800,-98.800,-98.800,-98.800,-98.800,-98.800,-98.800,-98.800,-98.800,-98.800,-98.800,-98.800,-98.800,-98.800,-98.800,-98.800,-98.800,-98.800,-98.800,-98.800,-98.800,-98.800,-98.800,-98.800,-98.800,-98.800,-98.800,-98.800,-98.800,-98.800,-98.800,-98.800,-98.800,-98.800,-98.800,-98.800,-98.800,-98.800,-98.800,-98.800,-98.800,-98.800,-98.800,-98.800,-98.800,-98.800,-98.800,-98.800,-98.800,-98.800,-98.800,-98.800,-98.800,-98.800,-98.800,-98.800,-98.800,-98.800,-98.800,-98.800,-98.800,-98.800,-98.800,-98.800,-98.800,-98.800
123.437,96.477,-97.169,-97.169,-97.169,-97.169,-97.169,-97.169,-97.169,-97.169,-97.169,-97.169,-97.169,-97.169,-97.169,-97.169,-97.169,-97.169,-97.169,-97.169,-97.169,-97.169,-97.169,-97.169,-97.169,-97.169,-97.169,-97.169,-97.169,-97.169,-97.169,-97.169,-97.169,-97.169,-97.169,-97.169,-97.169,-97.169,-97.169,-97.169,-97.169,-97.169,-97.169,-97.169,-97.169,-97.169,-97.169,-97.169,-97.169,-97.169,-97.169,-97.169,-97.169,-97.169,-97.169,-97.169,-97.169,-97.169,-97.169,-97.169,-97.169,-97.169,-97.169,-97.169,-97.169,-97.169,-97.169,-97.169,-97.169,-97.169,-97.169,-97.169,-97.169,-97.169,-97.169,-97.169,-97.169,-97.169,-97.169,-97.169,-97.169,-97.169,-97.169,-97.169,-97.169,-97.169,-97.169,-97.169,-97.169,-97.169,-97.169,-97.169,-97.169,-97.169,-97.169,-97.169,-97.169,-97.169,-97.169,-97.169,-97.169,-97.169,-97.169
144.960,96.477,-98.775,-98.775,-98.775,-98.775,-98.775,-98.775,-98.775,-98.775,-98.775,-98.775,-98.775,-98.775,-98.775,-98.775,-98.775,-98.775,-98.775,-98.775,-98.775,-98.775,-98.775,-98.775,-98.775,-98.775,-98.775,-98.775,-98.775,-98.775,-98.775,-98.775,-98.775,-98.775,-98.775,-98.775,-98.775,-98.775,-98.775,-98.775,-98.775,-98.775,-98.775,-98.775,-98.775,-98.775,-98.775,-98.775,-98.775,-98.775,-98.775,-98.775,-98.775,-98.775,-98.775,-98.775,-98.775,-98.775,-98.775,-98.775,-98.775,-98.775,-98.775,-98.775,-98.775,-98.775,-98.775,-98.775,-98.775,-98.775,-98.775,-98.775,-98.775,-98.775,-98.775,-98.775,-98.775,-98.775,-98.775,-98.775,-98.775,-98.775,-98.775,-98.775,-98.775,-98.775,-98.775,-98.775,-98.775,-98.775,-98.775,-98.775,-98.775,-98.775,-98.775,-98.775,-98.775,-98.775,-98.775,-98.775,-98.775,-98.775,-98.775
166.484,96.477,-97.895,-97.895,-97.895,-97.895,-97.895,-97.895,-97.895,-97.895,-97.895,-97.895,-97.895,-97.895,-97.895,-97.895,-97.895,-97.895,-97.895,-97.895,-97.895,-97.895,-97.895,-97.895,-97.895,-97.895,-97.895,-97.895,-97.895,-97.895,-97.895,-97.895,-97.895,-97.895,-97.895,-97.895,-97.895,-97.895,-97.895,-97.895,-97.895,-97.895,-97.895,-97.895,-97.895,-97.895,-97.895,-97.895,-97.895,-97.895,-97.895,-97.895,-97.895,-97.895,-97.895,-97.895,-97.895,-97.895,-97.895,-97.895,-97.895,-97.895,-97.895,-97.895,-97.895,-97.895,-97.895,-97.895,-97.895,-97.895,-97.895,-97.895,-97.895,-97.895,-97.895,-97.895,-97.895,-97.895,-97.895,-97.895,-97.895,-97.895,-97.895,-97.895,-97.895,-97.895,-97.895,-97.895,-97.895,-97.895,-97.895,-97.895,-97.895,-97.895,-97.895,-97.895,-97.895,-97.895,-97.895,-97.895,-97.895,-97.895,-97.895
188.007,96.477,-98.678,-98.678,-98.678,-98.678,-98.678,-98.678,-98.678,-98.678,-98.678,-98.678,-98.678,-98.678,-98.678,-98.678,-98.678,-98.678,-98.678,-98.678,-98.678,-98.678,-98.678,-98.678,-98.678,-98.678,-98.678,-98.678,-98.678,-98.678,-98.678,-98.678,-98.678,-98.678,-98.678,-98.678,-98.678,-98.678,-98.678,-98.678,-98.678,-98.678,-98.678,-98.678,-98.678,-98.678,-98.678,-98.678,-98.678,-98.678,-98.678,-98.678,-98.678,-98.678,-98.678,-98.678,-98.678,-98.678,-98.678,-98.678,-98.678,-98.678,-98.678,-98.678,-98.678,-98.678,-98.678,-98.678,-98.678,-98.678,-98.678,-98.678,-98.678,-98.678,-98.678,-98.678,-98.678,-98.678,-98.678,-98.678,-98.678,-98.678,-98.678,-98.678,-98.678,-98.678,-98.678,-98.678,-98.678,-98.678,-98.678,-98.678,-98.678,-98.678,-98.678,-98.678,-98.678,-98.678,-98.678,-98.678,-98.678,-98.678,-98.678
209.530,96.477,-98.082,-98.082,-98.082,-98.082,-98.082,-98.082,-98.082,-98.082,-98.082,-98.082,-98.082,-98.082,-98.082,-98.082,-98.082,-98.082,-98.082,-98.082,-98.082,-98.082,-98.082,-98.082,-98.082,-98.082,-98.082,-98.082,-98.082,-98.082,-98.082,-98.082,-98.082,-98.082,-98.082,-98.082,-98.082,-98.082,-98.082,-98.082,-98.082,-98.082,-98.082,-98.082,-98.082,-98.082,-98.082,-98.082,-98.082,-98.082,-98.082,-98.082,-98.082,-98.082,-98.082,-98.082,-98.082,-98.082,-98.082,-98.082,-98.082,-98.082,-98.082,-98.082,-98.082,-98.082,-98.082,-98.082,-98.082,-98.082,-98.082,-98.082,-98.082,-98.082,-98.082,-98.082,-98.082,-98.082,-98.082,-98.082,-98.082,-98.082,-98.082,-98.082,-98.082,-98.082,-98.082,-98.082,-98.082,-98.082,-98.082,-98.082,-98.082,-98.082,-98.082,-98.082,-98.082,-98.082,-98.082,-98.082,-98.082,-98.082,-98.082
231.054,96.477,-97.540,-97.540,-97.540,-97.540,-97.540,-97.540,-97.540,-97.540,-97.540,-97.540,-97.540,-97.540,-97.540,-97.540,-97.540,-97.540,-97.540,-97.540,-97.540,-97.540,-97.540,-97.540,-97.540,-97.540,-97.540,-97.540,-97.540,-97.540,-97.540,-97.540,-97.540,-97.540,-97.540,-97.540,-97.540,-97.540,-97.540,-97.540,-97.540,-97.540,-97.540,-97.540,-97.540,-97.540,-97.540,-97.540,-97.540,-97.540,-97.540,-97.540,-97.540,-97.540,-97.540,-97.540,-97.540,-97.540,-97.540,-97.540,-97.540,-97.540,-97.540,-97.540,-97.540,-97.540,-97.540,-97.540,-97.540,-97.540,-97.540,-97.540,-97.540,-97.540,-97.540,-97.540,-97.540,-97.540,-97.540,-97.540,-97.540,-97.540,-97.540,-97.540,-97.540,-97.540,-97.540,-97.540,-97.540,-97.540,-97.540,-97.540,-97.540,-97.540,-97.540,-97.540,-97.540,-97.540,-97.540,-97.540,-97.540,-97.540,-97.540
252.577,96.477,-97.402,-97.402,-97.402,-97.402,-97.402,-97.402,-97.402,-97.402,-97.402,-97.402,-97.402,-97.402,-97.402,-97.402,-97.402,-97.402,-97.402,-97.402,-97.402,-97.402,-97.402,-97.402,-97.402,-97.402,-97.402,-97.402,-97.402,-97.402,-97.402,-97.402,-97.402,-97.402,-97.402,-97.402,-97.402,-97.402,-97.402,-97.402,-97.402,-97.402,-97.402,-97.402,-97.402,-97.402,-97.402,-97.402,-97.402,-97.402,-97.402,-97.402,-97.402,-97.402,-97.402,-97.402,-97.402,-97.402,-97.402,-97.402,-97.402,-97.402,-97.402,-97.402,-97.402,-97.402,-97.402,-97.402,-97.402,-97.402,-97.402,-97.402,-97.402,-97.402,-97.402,-97.402,-97.402,-97.402,-97.402,-97.402,-97.402,-97.402,-97.402,-97.402,-97.402,-97.402,-97.402,-97.402,-97.402,-97.402,-97.402,-97.402,-97.402,-97.402,-97.402,-97.402,-97.402,-97.402,-97.402,-97.402,-97.402,-97.402,-97.402
274.100,96.477,-97.753,-97.753,-97.753,-97.753,-97.753,-97.753,-97.753,-97.753,-97.753,-97.753,-97.753,-97.753,-97.753,-97.753,-97.753,-97.753,-97.753,-97.753,-97.753,-97.753,-97.753,-97.753,-97.753,-97.753,-97.753,-97.753,-97.753,-97.753,-97.753,-97.753,-97.753,-97.753,-97.753,-97.753,-97.753,-97.753,-97.753,-97.753,-97.753,-97.753,-97.753,-97.753,-97.753,-97.753,-97.753,-97.753,-97.753,-97.753,-97.753,-97.753,-97.753,-97.753,-97.753,-97.753,-97.753,-97.753,-97.753,-97.753,-97.753,-97.753,-97.753,-97.753,-97.753,-97.753,-97.753,-97.753,-97.753,-97.753,-97.753,-97.753,-97.753,-97.753,-97.753,-97.753,-97.753,-97.753,-97.753,-97.753,-97.753,-97.753,-97.753,-97.753,-97.753,-97.753,-97.753,-97.753,-97.753,-97.753,-97.753,-97.753,-97.753,-97.753,-97.753,-97.753,-97.753,-97.753,-97.753,-97.753,-97.753,-97.753,-97.753
295.624,96.477,-97.725,-97.725,-97.725,-97.725,-97.725,-97.725,-97.725,-97.725,-97.725,-97.725,-97.725,-97.725,-97.725,-97.725,-97.725,-97.725,-97.725,-97.725,-97.725,-97.725,-97.725,-97.725,-97.725,-97.725,-97.725,-97.725,-97.725,-97.725,-97.725,-97.725,-97.725,-97.725,-97.725,-97.725,-97.725,-97.725,-97.725,-97.725,-97.725,-97.725,-97.725,-97.725,-97.725,-97.725,-97.725,-97.725,-97.725,-97.725,-97.725,-97.725,-97.725,-97.725,-97.725,-97.725,-97.725,-97.725,-97.725,-97.725,-97.725,-97.725,-97.725,-97.725,-97.725,-97.725,-97.725,-97.725,-97.725,-97.725,-97.725,-97.725,-97.725,-97.725,-97.725,-97.725,-97.725,-97.725,-97.725,-97.725,-97.725,-97.725,-97.725,-97.725,-97.725,-97.725,-97.725,-97.725,-97.725,-97.725,-97.725,-97.725,-97.725,-97.725,-97.725,-97.725,-97.725,-97.725,-97.725,-97.725,-97.725,-97.725,-97.725
317.147,96.477,-98.491,-98.491,-98.491,-98.491,-98.491,-98.491,-98.491,-98.491,-98.491,-98.491,-98.491,-98.491,-98.491,-98.491,-98.491,-98.491,-98.491,-98.491,-98.491,-98.491,-98.491,-98.491,-98.491,-98.491,-98.491,-98.491,-98.491,-98.491,-98.491,-98.491,-98.491,-98.491,-98.491,-98.491,-98.491,-98.491,-98.491,-98.491,-98.491,-98.491,-98.491,-98.491,-98.491,-98.491,-98.491,-98.491,-98.491,-98.491,-98.491,-98.491,-98.491,-98.491,-98.491,-98.491,-98.491,-98.491,-98.491,-98.491,-98.491,-98.491,-98.491,-98.491,-98.491,-98.491,-98.491,-98.491,-98.491,-98.491,-98.491,-98.491,-98.491,-98.491,-98.491,-98.491,-98.491,-98.491,-98.491,-98.491,-98.491,-98.491,-98.491,-98.491,-98.491,-98.491,-98.491,-98.491,-98.491,-98.491,-98.491,-98.491,-98.491,-98.491,-98.491,-98.491,-98.491,-98.491,-98.491,-98.491,-98.491,-98.491,-98.491
123.437,101.857,-96.420,-96.420,-96.420,-96.420,-96.420,-96.420,-96.420,-96.420,-96.420,-96.420,-96.420,-96.420,-96.420,-96.420,-96.420,-96.420,-96.420,-96.420,-96.420,-96.420,-96.420,-96.420,-96.420,-96.420,-96.420,-96.420,-96.420,-96.420,-96.420,-96.420,-96.420,-96.420,-96.420,-96.420,-96.420,-96.420,-96.420,-96.420,-96.420,-96.420,-96.420,-96.420,-96.420,-96.420,-96.420,-96.420,-96.420,-96.420,-96.420,-96.420,-96.420,-96.420,-96.420,-96.420,-96.420,-96.420,-96.420,-96.420,-96.420,-96.420,-96.420,-96.420,-96.420,-96.420,-96.420,-96.420,-96.420,-96.420,-96.420,-96.420,-96.420,-96.420,-96.420,-96.420,-96.420,-96.420,-96.420,-96.420,-96.420,-96.420,-96.420,-96.420,-96.420,-96.420,-96.420,-96.420,-96.420,-96.420,-96.420,-96.420,-96.420,-96.420,-96.420,-96.420,-96.420,-96.420,-96.420,-96.420,-96.420,-96.420,-96.420
144.960,101.857,-98.903,-98.903,-98.903,-98.903,-98.903,-98.903,-98.903,-98.903,-98.903,-98.903,-98.903,-98.903,-98.903,-98.903,-98.903,-98.903,-98.903,-98.903,-98.903,-98.903,-98.903,-98.903,-98.903,-98.903,-98.903,-98.903,-98.903,-98.903,-98.903,-98.903,-98.903,-98.903,-98.903,-98.903,-98.903,-98.903,-98.903,-98.903,-98.903,-98.903,-98.903,-98.903,-98.903,-98.903,-98.903,-98.903,-98.903,-98.903,-98.903,-98.903,-98.903,-98.903,-98.903,-98.903,-98.903,-98.903,-98.903,-98.903,-98.903,-98.903,-98.903,-98.903,-98.903,-98.903,-98.903,-98.903,-98.903,-98.903,-98.903,-98.903,-98.903,-98.903,-98.903,-98.903,-98.903,-98.903,-98.903,-98.903,-98.903,-98.903,-98.903,-98.903,-98.903,-98.903,-98.903,-98.903,-98.903,-98.903,-98.903,-98.903,-98.903,-98.903,-98.903,-98.903,-98.903,-98.903,-98.903,-98.903,-98.903,-98.903,-98.903
166.484,101.857,-97.665,-97.665,-97.665,-97.665,-97.665,-97.665,-97.665,-97.665,-97.665,-97.665,-97.665,-97.665,-97.665,-97.665,-97.665,-97.665,-97.665,-97.665,-97.665,-97.665,-97.665,-97.665,-97.665,-97.665,-97.665,-97.665,-97.665,-97.665,-97.665,-97.665,-97.665,-97.665,-97.665,-97.665,-97.665,-97.665,-97.665,-97.665,-97.665,-97.665,-97.665,-97.665,-97.665,-97.665,-97.665,-97.665,-97.665,-97.665,-97.665,-97.665,-97.665,-97.665,-97.665,-97.665,-97.665,-97.665,-97.665,-97.665,-97.665,-97.665,-97.665,-97.665,-97.665,-97.665,-97.665,-97.665,-97.665,-97.665,-97.665,-97.665,-97.665,-97.665,-97.665,-97.665,-97.665,-97.665,-97.665,-97.665,-97.665,-97.665,-97.665,-97.665,-97.665,-97.665,-97.665,-97.665,-97.665,-97.665,-97.665,-97.665,-97.665,-97.665,-97.665,-97.665,-97.665,-97.665,-97.665,-97.665,-97.665,-97.665,-97.665
188.007,101.857,-98.749,-98.749,-98.749,-98.749,-98.749,-98.749,-98.749,-98.749,-98.749,-98.749,-98.749,-98.749,-98.749,-98.749,-98.749,-98.749,-98.749,-98.749,-98.749,-98.749,-98.749,-98.749,-98.749,-98.749,-98.749,-98.749,-98.749,-98.749,-98.749,-98.749,-98.749,-98.749,-98.749,-98.749,-98.749,-98.749,-98.749,-98.749,-98.749,-98.749,-98.749,-98.749,-98.749,-98.749,-98.749,-98.749,-98.749,-98.749,-98.749,-98.749,-98.749,-98.749,-98.749,-98.749,-98.749,-98.749,-98.749,-98.749,-98.749,-98.749,-98.749,-98.749,-98.749,-98.749,-98.749,-98.749,-98.749,-98.749,-98.749,-98.749,-98.749,-98.749,-98.749,-98.749,-98.749,-98.749,-98.749,-98.749,-98.749,-98.749,-98.749,-98.749,-98.749,-98.749,-98.749,-98.749,-98.749,-98.749,-98.749,-98.749,-98.749,-98.749,-98.749,-98.749,-98.749,-98.749,-98.749,-98.749,-98.749,-98.749,-98.749
209.530,101.857,-98.813,-98.813,-98.813,-98.813,-98.813,-98.813,-98.813,-98.813,-98.813,-98.813,-98.813,-98.813,-98.813,-98.813,-98.813,-98.813,-98.813,-98.813,-98.813,-98.813,-98.813,-98.813,-98.813,-98.813,-98.813,-98.813,-98.813,-98.813,-98.813,-98.813,-98.813,-98.813,-98.813,-98.813,-98.813,-98.813,-98.813,-98.813,-98.813,-98.813,-98.813,-98.813,-98.813,-98.813,-98.813,-98.813,-98.813,-98.813,-98.813,-98.813,-98.813,-98.813,-98.813,-98.813,-98.813,-98.813,-98.813,-98.813,-98.813,-98.813,-98.813,-98.813,-98.813,-98.813,-98.813,-98.813,-98.813,-98.813,-98.813,-98.813,-98.813,-98.813,-98.813,-98.813,-98.813,-98.813,-98.813,-98.813,-98.813,-98.813,-98.813,-98.813,-98.813,-98.813,-98.813,-98.813,-98.813,-98.813,-98.813,-98.813,-98.813,-98.813,-98.813,-98.813,-98.813,-98.813,-98.813,-98.813,-98.813,-98.813,-98.813
231.054,101.857,-97.600,-97.600,-97.600,-97.600,-97.600,-97.600,-97.600,-97.600,-97.600,-97.600,-97.600,-97.600,-97.600,-97.600,-97.600,-97.600,-97.600,-97.600,-97.600,-97.600,-97.600,-97.600,-97.600,-97.600,-97.600,-97.600,-97.600,-97.600,-97.600,-97.600,-97.600,-97.600,-97.600,-97.600,-97.600,-97.600,-97.600,-97.600,-97.600,-97.600,-97.600,-97.600,-97.600,-97.600,-97.600,-97.600,-97.600,-97.600,-97.600,-97.600,-97.600,-97.600,-97.600,-97.600,-97.600,-97.600,-97.600,-97.600,-97.600,-97.600,-97.600,-97.600,-97.600,-97.600,-97.600,-97.600,-97.600,-97.600,-97.600,-97.600,-97.600,-97.600,-97.600,-97.600,-97.600,-97.600,-97.600,-97.600,-97.600,-97.600,-97.600,-97.600,-97.600,-97.600,-97.600,-97.600,-97.600,-97.600,-97.600,-97.600,-97.600,-97.600,-97.600,-97.600,-97.600,-97.600,-97.600,-97.600,-97.600,-97.600,-97.600
252.577,101.857,-97.818,-97.818,-97.818,-97.818,-97.818,-97.818,-97.818,-97.818,-97.818,-97.818,-97.818,-97.818,-97.818,-97.818,-97.818,-97.818,-97.818,-97.818,-97.818,-97.818,-97.818,-97.818,-97.818,-97.818,-97.818,-97.818,-97.818,-97.818,-97.818,-97.818,-97.818,-97.818,-97.818,-97.818,-97.818,-97.818,-97.818,-97.818,-97.818,-97.818,-97.818,-97.818,-97.818,-97.818,-97.818,-97.818,-97.818,-97.818,-97.818,-97.818,-97.818,-97.818,-97.818,-97.818,-97.818,-97.818,-97.818,-97.818,-97.818,-97.818,-97.818,-97.818,-97.818,-97.818,-97.818,-97.818,-97.818,-97.818,-97.818,-97.818,-97.818,-97.818,-97.818,-97.818,-97.818,-97.818,-97.818,-97.818,-97.818,-97.818,-97.818,-97.818,-97.818,-97.818,-97.818,-97.818,-97.818,-97.818,-97.818,-97.818,-97.818,-97.818,-97.818,-97.818,-97.818,-97.818,-97.818,-97.818,-97.818,-97.818,-97.818
274.100,101.857,-97.342,-97.342,-97.342,-97.342,-97.342,-97.342,-97.342,-97.342,-97.342,-97.342,-97.342,-97.342,-97.342,-97.342,-97.342,-97.342,-97.342,-97.342,-97.342,-97.342,-97.342,-97.342,-97.342,-97.342,-97.342,-97.342,-97.342,-97.342,-97.342,-97.342,-97.342,-97.342,-97.342,-97.342,-97.342,-97.342,-97.342,-97.342,-97.342,-97.342,-97.342,-97.342,-97.342,-97.342,-97.342,-97.342,-97.342,-97.342,-97.342,-97.342,-97.342,-97.342,-97.342,-97.342,-97.342,-97.342,-97.342,-97.342,-97.342,-97.342,-97.342,-97.342,-97.342,-97.342,-97.342,-97.342,-97.342,-97.342,-97.342,-97.342,-97.342,-97.342,-97.342,-97.342,-97.342,-97.342,-97.342,-97.342,-97.342,-97.342,-97.342,-97.342,-97.342,-97.342,-97.342,-97.342,-97.342,-97.342,-97.342,-97.342,-97.342,-97.342,-97.342,-97.342,-97.342,-97.342,-97.342,-97.342,-97.342,-97.342,-97.342
295.624,101.857,-97.195,-97.195,-97.195,-97.195,-97.195,-97.195,-97.195,-97.195,-97.195,-97.195,-97.195,-97.195,-97.195,-97.195,-97.195,-97.195,-97.195,-97.195,-97.195,-97.195,-97.195,-97.195,-97.195,-97.195,-97.195,-97.195,-97.195,-97.195,-97.195,-97.195,-97.195,-97.195,-97.195,-97.195,-97.195,-97.195,-97.195,-97.195,-97.195,-97.195,-97.195,-97.195,-97.195,-97.195,-97.195,-97.195,-97.195,-97.195,-97.195,-97.195,-97.195,-97.195,-97.195,-97.195,-97.195,-97.195,-97.195,-97.195,-97.195,-97.195,-97.195,-97.195,-97.195,-97.195,-97.195,-97.195,-97.195,-97.195,-97.195,-97.195,-97.195,-97.195,-97.195,-97.195,-97.195,-97.195,-97.195,-97.195,-97.195,-97.195,-97.195,-97.195,-97.195,-97.195,-97.195,-97.195,-97.195,-97.195,-97.195,-97.195,-97.195,-97.195,-97.195,-97.195,-97.195,-97.195,-97.195,-97.195,-97.195,-97.195,-97.195
317.147,101.857,-98.387,-98.387,-98.387,-98.387,-98.387,-98.387,-98.387,-98.387,-98.387,-98.387,-98.387,-98.387,-98.387,-98.387,-98.387,-98.387,-98.387,-98.387,-98.387,-98.387,-98.387,-98.387,-98.387,-98.387,-98.387,-98.387,-98.387,-98.387,-98.387,-98.387,-98.387,-98.387,-98.387,-98.387,-98.387,-98.387,-98.387,-98.387,-98.387,-98.387,-98.387,-98.387,-98.387,-98.387,-98.387,-98.387,-98.387,-98.387,-98.387,-98.387,-98.387,-98.387,-98.387,-98.387,-98.387,-98.387,-98.387,-98.387,-98.387,-98.387,-98.387,-98.387,-98.387,-98.387,-98.387,-98.387,-98.387,-98.387,-98.387,-98.387,-98.387,-98.387,-98.387,-98.387,-98.387,-98.387,-98.387,-98.387,-98.387,-98.387,-98.387,-98.387,-98.387,-98.387,-98.387,-98.387,-98.387,-98.387,-98.387,-98.387,-98.387,-98.387,-98.387,-98.387,-98.387,-98.387,-98.387,-98.387,-98.387,-98.387,-98.387
123.437,107.237,-96.802,-96.802,-96.802,-96.802,-96.802,-96.802,-96.802,-96.802,-96.802,-96.802,-96.802,-96.802,-96.802,-96.802,-96.802,-96.802,-96.802,-96.802,-96.802,-96.802,-96.802,-96.802,-96.802,-96.802,-96.802,-96.802,-96.802,-96.802,-96.802,-96.802,-96.802,-96.802,-96.802,-96.802,-96.802,-96.802,-96.802,-96.802,-96.802,-96.802,-96.802,-96.802,-96.802,-96.802,-96.802,-96.802,-96.802,-96.802,-96.802,-96.802,-96.802,-96.802,-96.802,-96.802,-96.802,-96.802,-96.802,-96.802,-96.802,-96.802,-96.802,-96.802,-96.802,-96.802,-96.802,-96.802,-96.802,-96.802,-96.802,-96.802,-96.802,-96.802,-96.802,-96.802,-96.802,-96.802,-96.802,-96.802,-96.802,-96.802,-96.802,-96.802,-96.802,-96.802,-96.802,-96.802,-96.802,-96.802,-96.802,-96.802,-96.802,-96.802,-96.802,-96.802,-96.802,-96.802,-96.802,-96.802,-96.802,-96.802,-96.802
144.960,107.237,-98.904,-98.904,-98.904,-98.904,-98.904,-98.904,-98.904,-98.904,-98.904,-98.904,-98.904,-98.904,-98.904,-98.904,-98.904,-98.904,-98.904,-98.904,-98.904,-98.904,-98.904,-98.904,-98.904,-98.904,-98.904,-98.904,-98.904,-98.904,-98.904,-98.904,-98.904,-98.904,-98.904,-98.904,-98.904,-98.904,-98.904,-98.904,-98.904,-98.904,-98.904,-98.904,-98.904,-98.904,-98.904,-98.904,-98.904,-98.904,-98.904,-98.904,-98.904,-98.904,-98.904,-98.904,-98.904,-98.904,-98.904,-98.904,-98.904,-98.904,-98.904,-98.904,-98.904,-98.904,-98.904,-98.904,-98.904,-98.904,-98.904,-98.904,-98.904,-98.904,-98.904,-98.904,-98.904,-98.904,-98.904,-98.904,-98.904,-98.904,-98.904,-98.904,-98.904,-98.904,-98.904,-98.904,-98.904,-98.904,-98.904,-98.904,-98.904,-98.904,-98.904,-98.904,-98.904,-98.904,-98.904,-98.904,-98.904,-98.904,-98.904
166.484,107.237,-97.618,-97.618,-97.618,-97.618,-97.618,-97.618,-97.618,-97.618,-97.618,-97.618,-97.618,-97.618,-97.618,-97.618,-97.618,-97.618,-97.618,-97.618,-97.618,-97.618,-97.618,-97.618,-97.618,-97.618,-97.618,-97.618,-97.618,-97.618,-97.618,-97.618,-97.618,-97.618,-97.618,-97.618,-97.618,-97.618,-97.618,-97.618,-97.618,-97.618,-97.618,-97.618,-97.618,-97.618,-97.618,-97.618,-97.618,-97.618,-97.618,-97.618,-97.618,-97.618,-97.618,-97.618,-97.618,-97.618,-97.618,-97.618,-97.618,-97.618,-97.618,-97.618,-97.618,-97.618,-97.618,-97.618,-97.618,-97.618,-97.618,-97.618,-97.618,-97.618,-97.618,-97.618,-97.618,-97.618,-97.618,-97.618,-97.618,-97.618,-97.618,-97.618,-97.618,-97.618,-97.618,-97.618,-97.618,-97.618,-97.618,-97.618,-97.618,-97.618,-97.618,-97.618,-97.618,-97.618,-97.618,-97.618,-97.618,-97.618,-97.618
188.007,107.237,-98.503,-98.503,-98.503,-98.503,-98.503,-98.503,-98.503,-98.503,-98.503,-98.503,-98.503,-98.503,-98.503,-98.503,-98.503,-98.503,-98.503,-98.503,-98.503,-98.503,-98.503,-98.503,-98.503,-98.503,-98.503,-98.503,-98.503,-98.503,-98.503,-98.503,-98.503,-98.503,-98.503,-98.503,-98.503,-98.503,-98.503,-98.503,-98.503,-98.503,-98.503,-98.503,-98.503,-98.503,-98.503,-98.503,-98.503,-98.503,-98.503,-98.503,-98.503,-98.503,-98.503,-98.503,-98.503,-98.503,-98.503,-98.503,-98.503,-98.503,-98.503,-98.503,-98.503,-98.503,-98.503,-98.503,-98.503,-98.503,-98.503,-98.503,-98.503,-98.503,-98.503,-98.503,-98.503,-98.503,-98.503,-98.503,-98.503,-98.503,-98.503,-98.503,-98.503,-98.503,-98.503,-98.503,-98.503,-98.503,-98.503,-98.503,-98.503,-98.503,-98.503,-98.503,-98.503,-98.503,-98.503,-98.503,-98.503,-98.503,-98.503
209.530,107.237,-98.740,-98.740,-98.740,-98.740,-98.740,-98.740,-98.740,-98.740,-98.740,-98.740,-98.740,-98.740,-98.740,-98.740,-98.740,-98.740,-98.740,-98.740,-98.740,-98.740,-98.740,-98.740,-98.740,-98.740,-98.740,-98.740,-98.740,-98.740,-98.740,-98.740,-98.740,-98.740,-98.740,-98.740,-98.740,-98.740,-98.740,-98.740,-98.740,-98.740,-98.740,-98.740,-98.740,-98.740,-98.740,-98.740,-98.740,-98.740,-98.740,-98.740,-98.740,-98.740,-98.740,-98.740,-98.740,-98.740,-98.740,-98.740,-98.740,-98.740,-98.740,-98.740,-98.740,-98.740,-98.740,-98.740,-98.740,-98.740,-98.740,-98.740,-98.740,-98.740,-98.740,-98.740,-98.740,-98.740,-98.740,-98.740,-98.740,-98.740,-98.740,-98.740,-98.740,-98.740,-98.740,-98.740,-98.740,-98.740,-98.740,-98.740,-98.740,-98.740,-98.740,-98.740,-98.740,-98.740,-98.740,-98.740,-98.740,-98.740,-98.740
231.054,107.237,-98.020,-98.020,-98.020,-98.020,-98.020,-98.020,-98.020,-98.020,-98.020,-98.020,-98.020,-98.020,-98.020,-98.020,-98.020,-98.020,-98.020,-98.020,-98.020,-98.020,-98.020,-98.020,-98.020,-98.020,-98.020,-98.020,-98.020,-98.020,-98.020,-98.020,-98.020,-98.020,-98.020,-98.020,-98.020,-98.020,-98.020,-98.020,-98.020,-98.020,-98.020,-98.020,-98.020,-98.020,-98.020,-98.020,-98.020,-98.020,-98.020,-98.020,-98.020,-98.020,-98.020,-98.020,-98.020,-98.020,-98.020,-98.020,-98.020,-98.020,-98.020,-98.020,-98.020,-98.020,-98.020,-98.020,-98.020,-98.020,-98.020,-98.020,-98.020,-98.020,-98.020,-98.020,-98.020,-98.020,-98.020,-98.020,-98.020,-98.020,-98.020,-98.020,-98.020,-98.020,-98.020,-98.020,-98.020,-98.020,-98.020,-98.020,-98.020,-98.020,-98.020,-98.020,-98.020,-98.020,-98.020,-98.020,-98.020,-98.020,-98.020
252.577,107.237,-97.691,-97.691,-97.691,-97.691,-97.691,-97.691,-97.691,-97.691,-97.691,-97.691,-97.691,-97.691,-97.691,-97.691,-97.691,-97.691,-97.691,-97.691,-97.691,-97.691,-97.691,-97.691,-97.691,-97.691,-97.691,-97.691,-97.691,-97.691,-97.691,-97.691,-97.691,-97.691,-97.691,-97.691,-97.691,-97.691,-97.691,-97.691,-97.691,-97.691,-97.691,-97.691,-97.691,-97.691,-97.691,-97.691,-97.691,-97.691,-97.691,-97.691,-97.691,-97.691,-97.691,-97.691,-97.691,-97.691,-97.691,-97.691,-97.691,-97.691,-97.691,-97.691,-97.691,-97.691,-97.691,-97.691,-97.691,-97.691,-97.691,-97.691,-97.691,-97.691,-97.691,-97.691,-97.691,-97.691,-97.691,-97.691,-97.691,-97.691,-97.691,-97.691,-97.691,-97.691,-97.691,-97.691,-97.691,-97.691,-97.691,-97.691,-97.691,-97.691,-97.691,-97.691,-97.691,-97.691,-97.691,-97.691,-97.691,-97.691,-97.691
274.100,107.237,-97.259,-97.259,-97.259,-97.259,-97.259,-97.259,-97.259,-97.259,-97.259,-97.259,-97.259,-97.259,-97.259,-97.259,-97.259,-97.259,-97.259,-97.259,-97.259,-97.259,-97.259,-97.259,-97.259,-97.259,-97.259,-97.259,-97.259,-97.259,-97.259,-97.259,-97.259,-97.259,-97.259,-97.259,-97.259,-97.259,-97.259,-97.259,-97.259,-97.259,-97.259,-97.259,-97.259,-97.259,-97.259,-97.259,-97.259,-97.259,-97.259,-97.259,-97.259,-97.259,-97.259,-97.259,-97.259,-97.259,-97.259,-97.259,-97.259,-97.259,-97.259,-97.259,-97.259,-97.259,-97.259,-97.259,-97.259,-97.259,-97.259,-97.259,-97.259,-97.259,-97.259,-97.259,-97.259,-97.259,-97.259,-97.259,-97.259,-97.259,-97.259,-97.259,-97.259,-97.259,-97.259,-97.259,-97.259,-97.259,-97.259,-97.259,-97.259,-97.259,-97.259,-97.259,-97.259,-97.259,-97.259,-97.259,-97.259,-97.259,-97.259
295.624,107.237,-96.900,-96.900,-96.900,-96.900,-96.900,-96.900,-96.900,-96.900,-96.900,-96.900,-96.900,-96.900,-96.900,-96.900,-96.900,-96.900,-96.900,-96.900,-96.900,-96.900,-96.900,-96.900,-96.900,-96.900,-96.900,-96.900,-96.900,-96.900,-96.900,-96.900,-96.900,-96.900,-96.900,-96.900,-96.900,-96.900,-96.900,-96.900,-96.900,-96.900,-96.900,-96.900,-96.900,-96.900,-96.900,-96.900,-96.900,-96.900,-96.900,-96.900,-96.900,-96.900,-96.900,-96.900,-96.900,-96.900,-96.900,-96.900,-96.900,-96.900,-96.900,-96.900,-96.900,-96.900,-96.900,-96.900,-96.900,-96.900,-96.900,-96.900,-96.900,-96.900,-96.900,-96.900,-96.900,-96.900,-96.900,-96.900,-96.900,-96.900,-96.900,-96.900,-96.900,-96.900,-96.900,-96.900,-96.900,-96.900,-96.900,-96.900,-96.900,-96.900,-96.900,-96.900,-96.900,-96.900,-96.900,-96.900,-96.900,-96.900,-96.900
317.147,107.237,-98.199,-98.199,-98.199,-98.199,-98.199,-98.199,-98.199,-98.199,-98.199,-98.199,-98.199,-98.199,-98.199,-98.199,-98.199,-98.199,-98.199,-98.199,-98.199,-98.199,-98.199,-98.199,-98.199,-98.199,-98.199,-98.199,-98.199,-98.199,-98.199,-98.199,-98.199,-98.199,-98.199,-98.199,-98.199,-98.199,-98.199,-98.199,-98.199,-98.199,-98.199,-98.199,-98.199,-98.199,-98.199,-98.199,-98.199,-98.199,-98.199,-98.199,-98.199,-98.199,-98.199,-98.199,-98.199,-98.199,-98.199,-98.199,-98.199,-98.199,-98.199,-98.199,-98.199,-98.199,-98.199,-98.199,-98.199,-98.199,-98.199,-98.199,-98.199,-98.199,-98.199,-98.199,-98.199,-98.199,-98.199,-98.199,-98.199,-98.199,-98.199,-98.199,-98.199,-98.199,-98.199,-98.199,-98.199,-98.199,-98.199,-98.199,-98.199,-98.199,-98.199,-98.199,-98.199,-98.199,-98.199,-98.199,-98.199,-98.199,-98.199
123.437,112.617,-97.498,-97.498,-97.498,-97.498,-97.498,-97.498,-97.498,-97.498,-97.498,-97.498,-97.498,-97.498,-97.498,-97.498,-97.498,-97.498,-97.498,-97.498,-97.498,-97.498,-97.498,-97.498,-97.498,-97.498,-97.498,-97.498,-97.498,-97.498,-97.498,-97.498,-97.498,-97.498,-97.498,-97.498,-97.498,-97.498,-97.498,-97.498,-97.498,-97.498,-97.498,-97.498,-97.498,-97.498,-97.498,-97.498,-97.498,-97.498,-97.498,-97.498,-97.498,-97.498,-97.498,-97.498,-97.498,-97.498,-97.498,-97.498,-97.498,-97.498,-97.498,-97.498,-97.498,-97.498,-97.498,-97.498,-97.498,-97.498,-97.498,-97.498,-97.498,-97.498,-97.498,-97.498,-97.498,-97.498,-97.498,-97.498,-97.498,-97.498,-97.498,-97.498,-97.498,-97.498,-97.498,-97.498,-97.498,-97.498,-97.498,-97.498,-97.498,-97.498,-97.498,-97.498,-97.498,-97.498,-97.498,-97.498,-97.498,-97.498,-97.498
144.960,112.617,-98.228,-98.228,-98.228,-98.228,-98.228,-98.228,-98.228,-98.228,-98.228,-98.228,-98.228,-98.228,-98.228,-98.228,-98.228,-98.228,-98.228,-98.228,-98.228,-98.228,-98.228,-98.228,-98.228,-98.228,-98.228,-98.228,-98.228,-98.228,-98.228,-98.228,-98.228,-98.228,-98.228,-98.228,-98.228,-98.228,-98.228,-98.228,-98.228,-98.228,-98.228,-98.228,-98.228,-98.228,-98.228,-98.228,-98.228,-98.228,-98.228,-98.228,-98.228,-98.228,-98.228,-98.228,-98.228,-98.228,-98.228,-98.228,-98.228,-98.228,-98.228,-98.228,-98.228,-98.228,-98.228,-98.228,-98.228,-98.228,-98.228,-98.228,-98.228,-98.228,-98.228,-98.228,-98.228,-98.228,-98.228,-98.228,-98.228,-98.228,-98.228,-98.228,-98.228,-98.228,-98.228,-98.228,-98.228,-98.228,-98.228,-98.228,-98.228,-98.228,-98.228,-98.228,-98.228,-98.228,-98.228,-98.228,-98.228,-98.228,-98.228
166.484,112.617,-97.643,-97.643,-97.643,-97.643,-97.643,-97.643,-97.643,-97.643,-97.643,-97.643,-97.643,-97.643,-97.643,-97.643,-97.643,-97.643,-97.643,-97.643,-97.643,-97.643,-97.643,-97.643,-97.643,-97.643,-97.643,-97.643,-97.643,-97.643,-97.643,-97.643,-97.643,-97.643,-97.643,-97.643,-97.643,-97.643,-97.643,-97.643,-97.643,-97.643,-97.643,-97.643,-97.643,-97.643,-97.643,-97.643,-97.643,-97.643,-97.643,-97.643,-97.643,-97.643,-97.643,-97.643,-97.643,-97.643,-97.643,-97.643,-97.643,-97.643,-97.643,-97.643,-97.643,-97.643,-97.643,-97.643,-97.643,-97.643,-97.643,-97.643,-97.643,-97.643,-97.643,-97.643,-97.643,-97.643,-97.643,-97.643,-97.643,-97.643,-97.643,-97.643,-97.643,-97.643,-97.643,-97.643,-97.643,-97.643,-97.643,-97.643,-97.643,-97.643,-97.643,-97.643,-97.643,-97.643,-97.643,-97.643,-97.643,-97.643,-97.643
188.007,112.617,-98.247,-98.247,-98.247,-98.247,-98.247,-98.247,-98.247,-98.247,-98.247,-98.247,-98.247,-98.247,-98.247,-98.247,-98.247,-98.247,-98.247,-98.247,-98.247,-98.247,-98.247,-98.247,-98.247,-98.247,-98.247,-98.247,-98.247,-98.247,-98.247,-98.247,-98.247,-98.247,-98.247,-98.247,-98.247,-98.247,-98.247,-98.247,-98.247,-98.247,-98.247,-98.247,-98.247,-98.247,-98.247,-98.247,-98.247,-98.247,-98.247,-98.247,-98.247,-98.247,-98.247,-98.247,-98.247,-98.247,-98.247,-98.247,-98.247,-98.247,-98.247,-98.247,-98.247,-98.247,-98.247,-98.247,-98.247,-98.247,-98.247,-98.247,-98.247,-98.247,-98.247,-98.247,-98.247,-98.247,-98.247,-98.247,-98.247,-98.247,-98.247,-98.247,-98.247,-98.247,-98.247,-98.247,-98.247,-98.247,-98.247,-98.247,-98.247,-98.247,-98.247,-98.247,-98.247,-98.247,-98.247,-98.247,-98.247,-98.247,-98.247
209.530,112.617,-98.408,-98.408,-98.408,-98.408,-98.408,-98.408,-98.408,-98.408,-98.408,-98.408,-98.408,-98.408,-98.408,-98.408,-98.408,-98.408,-98.408,-98.408,-98.408,-98.408,-98.408,-98.408,-98.408,-98.408,-98.408,-98.408,-98.408,-98.408,-98.408,-98.408,-98.408,-98.408,-98.408,-98.408,-98.408,-98.408,-98.408,-98.408,-98.408,-98.408,-98.408,-98.408,-98.408,-98.408,-98.408,-98.408,-98.408,-98.408,-98.408,-98.408,-98.408,-98.408,-98.408,-98.408,-98.408,-98.408,-98.408,-98.408,-98.408,-98.408,-98.408,-98.408,-98.408,-98.408,-98.408,-98.408,-98.408,-98.408,-98.408,-98.408,-98.408,-98.408,-98.408,-98.408,-98.408,-98.408,-98.408,-98.408,-98.408,-98.408,-98.408,-98.408,-98.408,-98.408,-98.408,-98.408,-98.408,-98.408,-98.408,-98.408,-98.408,-98.408,-98.408,-98.408,-98.408,-98.408,-98.408,-98.408,-98.408,-98.408,-98.408
231.054,112.617,-98.129,-98.129,-98.129,-98.129,-98.129,-98.129,-98.129,-98.129,-98.129,-98.129,-98.129,-98.129,-98.129,-98.129,-98.129,-98.129,-98.129,-98.129,-98.129,-98.129,-98.129,-98.129,-98.129,-98.129,-98.129,-98.129,-98.129,-98.129,-98.129,-98.129,-98.129,-98.129,-98.129,-98.129,-98.129,-98.129,-98.129,-98.129,-98.129,-98.129,-98.129,-98.129,-98.129,-98.129,-98.129,-98.129,-98.129,-98.129,-98.129,-98.129,-98.129,-98.129,-98.129,-98.129,-98.129,-98.129,-98.129,-98.129,-98.129,-98.129,-98.129,-98.129,-98.129,-98.129,-98.129,-98.129,-98.129,-98.129,-98.129,-98.129,-98.129,-98.129,-98.129,-98.129,-98.129,-98.129,-98.129,-98.129,-98.129,-98.129,-98.129,-98.129,-98.129,-98.129,-98.129,-98.129,-98.129,-98.129,-98.129,-98.129,-98.129,-98.129,-98.129,-98.129,-98.129,-98.129,-98.129,-98.129,-98.129,-98.129,-98.129
252.577,112.617,-97.571,-97.571,-97.571,-97.571,-97.571,-97.571,-97.571,-97.571,-97.571,-97.571,-97.571,-97.571,-97.571,-97.571,-97.571,-97.571,-97.571,-97.571,-97.571,-97.571,-97.571,-97.571,-97.571,-97.571,-97.571,-97.571,-97.571,-97.571,-97.571,-97.571,-97.571,-97.571,-97.571,-97.571,-97.571,-97.571,-97.571,-97.571,-97.571,-97.571,-97.571,-97.571,-97.571,-97.571,-97.571,-97.571,-97.571,-97.571,-97.571,-97.571,-97.571,-97.571,-97.571,-97.571,-97.571,-97.571,-97.571,-97.571,-97.571,-97.571,-97.571,-97.571,-97.571,-97.571,-97.571,-97.571,-97.571,-97.571,-97.571,-97.571,-97.571,-97.571,-97.571,-97.571,-97.571,-97.571,-97.571,-97.571,-97.571,-97.571,-97.571,-97.571,-97.571,-97.571,-97.571,-97.571,-97.571,-97.571,-97.571,-97.571,-97.571,-97.571,-97.571,-97.571,-97.571,-97.571,-97.571,-97.571,-97.571,-97.571,-97.571
274.100,112.617,-97.562,-97.562,-97.562,-97.562,-97.562,-97.562,-97.562,-97.562,-97.562,-97.562,-97.562,-97.562,-97.562,-97.562,-97.562,-97.562,-97.562,-97.562,-97.562,-97.562,-97.562,-97.562,-97.562,-97.562,-97.562,-97.562,-97.562,-97.562,-97.562,-97.562,-97.562,-97.562,-97.562,-97.562,-97.562,-97.562,-97.562,-97.562,-97.562,-97.562,-97.562,-97.562,-97.562,-97.562,-97.562,-97.562,-97.562,-97.562,-97.562,-97.562,-97.562,-97.562,-97.562,-97.562,-97.562,-97.562,-97.562,-97.562,-97.562,-97.562,-97.562,-97.562,-97.562,-97.562,-97.562,-97.562,-97.562,-97.562,-97.562,-97.562,-97.562,-97.562,-97.562,-97.562,-97.562,-97.562,-97.562,-97.562,-97.562,-97.562,-97.562,-97.562,-97.562,-97.562,-97.562,-97.562,-97.562,-97.562,-97.562,-97.562,-97.562,-97.562,-97.562,-97.562,-97.562,-97.562,-97.562,-97.562,-97.562,-97.562,-97.562
295.624,112.617,-96.913,-96.913,-96.913,-96.913,-96.913,-96.913,-96.913,-96.913,-96.913,-96.913,-96.913,-96.913,-96.913,-96.913,-96.913,-96.913,-96.913,-96.913,-96.913,-96.913,-96.913,-96.913,-96.913,-96.913,-96.913,-96.913,-96.913,-96.913,-96.913,-96.913,-96.913,-96.913,-96.913,-96.913,-96.913,-96.913,-96.913,-96.913,-96.913,-96.913,-96.913,-96.913,-96.913,-96.913,-96.913,-96.913,-96.913,-96.913,-96.913,-96.913,-96.913,-96.913,-96.913,-96.913,-96.913,-96.913,-96.913,-96.913,-96.913,-96.913,-96.913,-96.913,-96.913,-96.913,-96.913,-96.913,-96.913,-96.913,-96.913,-96.913,-96.913,-96.913,-96.913,-96.913,-96.913,-96.913,-96.913,-96.913,-96.913,-96.913,-96.913,-96.913,-96.913,-96.913,-96.913,-96.913,-96.913,-96.913,-96.913,-96.913,-96.913,-96.913,-96.913,-96.913,-96.913,-96.913,-96.913,-96.913,-96.913,-96.913,-96.913
317.147,112.617,-98.118,-98.118,-98.118,-98.118,-98.118,-98.118,-98.118,-98.118,-98.118,-98.118,-98.118,-98.118,-98.118,-98.118,-98.118,-98.118,-98.118,-98.118,-98.118,-98.118,-98.118,-98.118,-98.118,-98.118,-98.118,-98.118,-98.118,-98.118,-98.118,-98.118,-98.118,-98.118,-98.118,-98.118,-98.118,-98.118,-98.118,-98.118,-98.118,-98.118,-98.118,-98.118,-98.118,-98.118,-98.118,-98.118,-98.118,-98.118,-98.118,-98.118,-98.118,-98.118,-98.118,-98.118,-98.118,-98.118,-98.118,-98.118,-98.118,-98.118,-98.118,-98.118,-98.118,-98.118,-98.118,-98.118,-98.118,-98.118,-98.118,-98.118,-98.118,-98.118,-98.118,-98.118,-98.118,-98.118,-98.118,-98.118,-98.118,-98.118,-98.118,-98.118,-98.118,-98.118,-98.118,-98.118,-98.118,-98.118,-98.118,-98.118,-98.118,-98.118,-98.118,-98.118,-98.118,-98.118,-98.118,-98.118,-98.118,-98.118,-98.118
123.437,117.997,-97.827,-97.827,-97.827,-97.827,-97.827,-97.827,-97.827,-97.827,-97.827,-97.827,-97.827,-97.827,-97.827,-97.827,-97.827,-97.827,-97.827,-97.827,-97.827,-97.827,-97.827,-97.827,-97.827,-97.827,-97.827,-97.827,-97.827,-97.827,-97.827,-97.827,-97.827,-97.827,-97.827,-97.827,-97.827,-97.827,-97.827,-97.827,-97.827,-97.827,-97.827,-97.827,-97.827,-97.827,-97.827,-97.827,-97.827,-97.827,-97.827,-97.827,-97.827,-97.827,-97.827,-97.827,-97.827,-97.827,-97.827,-97.827,-97.827,-97.827,-97.827,-97.827,-97.827,-97.827,-97.827,-97.827,-97.827,-97.827,-97.827,-97.827,-97.827,-97.827,-97.827,-97.827,-97.827,-97.827,-97.827,-97.827,-97.827,-97.827,-97.827,-97.827,-97.827,-97.827,-97.827,-97.827,-97.827,-97.827,-97.827,-97.827,-97.827,-97.827,-97.827,-97.827,-97.827,-97.827,-97.827,-97.827,-97.827,-97.827,-97.827
144.960,117.997,-97.577,-97.577,-97.577,-97.577,-97.577,-97.577,-97.577,-97.577,-97.577,-97.577,-97.577,-97.577,-97.577,-97.577,-97.577,-97.577,-97.577,-97.577,-97.577,-97.577,-97.577,-97.577,-97.577,-97.577,-97.577,-97.577,-97.577,-97.577,-97.577,-97.577,-97.577,-97.577,-97.577,-97.577,-97.577,-97.577,-97.577,-97.577,-97.577,-97.577,-97.577,-97.577,-97.577,-97.577,-97.577,-97.577,-97.577,-97.577,-97.577,-97.577,-97.577,-97.577,-97.577,-97.577,-97.577,-97.577,-97.577,-97.577,-97.577,-97.577,-97.577,-97.577,-97.577,-97.577,-97.577,-97.577,-97.577,-97.577,-97.577,-97.577,-97.577,-97.577,-97.577,-97.577,-97.577,-97.577,-97.577,-97.577,-97.577,-97.577,-97.577,-97.577,-97.577,-97.577,-97.577,-97.577,-97.577,-97.577,-97.577,-97.577,-97.577,-97.577,-97.577,-97.577,-97.577,-97.577,-97.577,-97.577,-97.577,-97.577,-97.577
166.484,117.997,-97.725,-97.725,-97.725,-97.725,-97.725,-97.725,-97.725,-97.725,-97.725,-97.725,-97.725,-97.725,-97.725,-97.725,-97.725,-97.725,-97.725,-97.725,-97.725,-97.725,-97.725,-97.725,-97.725,-97.725,-97.725,-97.725,-97.725,-97.725,-97.725,-97.725,-97.725,-97.725,-97.725,-97.725,-97.725,-97.725,-97.725,-97.725,-97.725,-97.725,-97.725,-97.725,-97.725,-97.725,-97.725,-97.725,-97.725,-97.725,-97.725,-97.725,-97.725,-97.725,-97.725,-97.725,-97.725,-97.725,-97.725,-97.725,-97.725,-97.725,-97.725,-97.725,-97.725,-97.725,-97.725,-97.725,-97.725,-97.725,-97.725,-97.725,-97.725,-97.725,-97.725,-97.725,-97.725,-97.725,-97.725,-97.725,-97.725,-97.725,-97.725,-97.725,-97.725,-97.725,-97.725,-97.725,-97.725,-97.725,-97.725,-97.725,-97.725,-97.725,-97.725,-97.725,-97.725,-97.725,-97.725,-97.725,-97.725,-97.725,-97.725
188.007,117.997,-98.052,-98.052,-98.052,-98.052,-98.052,-98.052,-98.052,-98.052,-98.052,-98.052,-98.052,-98.052,-98.052,-98.052,-98.052,-98.052,-98.052,-98.052,-98.052,-98.052,-98.052,-98.052,-98.052,-98.052,-98.052,-98.052,-98.052,-98.052,-98.052,-98.052,-98.052,-98.052,-98.052,-98.052,-98.052,-98.052,-98.052,-98.052,-98.052,-98.052,-98.052,-98.052,-98.052,-98.052,-98.052,-98.052,-98.052,-98.052,-98.052,-98.052,-98.052,-98.052,-98.052,-98.052,-98.052,-98.052,-98.052,-98.052,-98.052,-98.052,-98.052,-98.052,-98.052,-98.052,-98.052,-98.052,-98.052,-98.052,-98.052,-98.052,-98.052,-98.052,-98.052,-98.052,-98.052,-98.052,-98.052,-98.052,-98.052,-98.052,-98.052,-98.052,-98.052,-98.052,-98.052,-98.052,-98.052,-98.052,-98.052,-98.052,-98.052,-98.052,-98.052,-98.052,-98.052,-98.052,-98.052,-98.052,-98.052,-98.052,-98.052
209.530,117.997,-98.044,-98.044,-98.044,-98.044,-98.044,-98.044,-98.044,-98.044,-98.044,-98.044,-98.044,-98.044,-98.044,-98.044,-98.044,-98.044,-98.044,-98.044,-98.044,-98.044,-98.044,-98.044,-98.044,-98.044,-98.044,-98.044,-98.044,-98.044,-98.044,-98.044,-98.044,-98.044,-98.044,-98.044,-98.044,-98.044,-98.044,-98.044,-98.044,-98.044,-98.044,-98.044,-98.044,-98.044,-98.044,-98.044,-98.044,-98.044,-98.044,-98.044,-98.044,-98.044,-98.044,-98.044,-98.044,-98.044,-98.044,-98.044,-98.044,-98.044,-98.044,-98.044,-98.044,-98.044,-98.044,-98.044,-98.044,-98.044,-98.044,-98.044,-98.044,-98.044,-98.044,-98.044,-98.044,-98.044,-98.044,-98.044,-98.044,-98.044,-98.044,-98.044,-98.044,-98.044,-98.044,-98.044,-98.044,-98.044,-98.044,-98.044,-98.044,-98.044,-98.044,-98.044,-98.044,-98.044,-98.044,-98.044,-98.044,-98.044,-98.044
231.054,117.997,-97.959,-97.959,-97.959,-97.959,-97.959,-97.959,-97.959,-97.959,-97.959,-97.959,-97.959,-97.959,-97.959,-97.959,-97.959,-97.959,-97.959,-97.959,-97.959,-97.959,-97.959,-97.959,-97.959,-97.959,-97.959,-97.959,-97.959,-97.959,-97.959,-97.959,-97.959,-97.959,-97.959,-97.959,-97.959,-97.959,-97.959,-97.959,-97.959,-97.959,-97.959,-97.959,-97.959,-97.959,-97.959,-97.959,-97.959,-97.959,-97.959,-97.959,-97.959,-97.959,-97.959,-97.959,-97.959,-97.959,-97.959,-97.959,-97.959,-97.959,-97.959,-97.959,-97.959,-97.959,-97.959,-97.959,-97.959,-97.959,-97.959,-97.959,-97.959,-97.959,-97.959,-97.959,-97.959,-97.959,-97.959,-97.959,-97.959,-97.959,-97.959,-97.959,-97.959,-97.959,-97.959,-97.959,-97.959,-97.959,-97.959,-97.959,-97.959,-97.959,-97.959,-97.959,-97.959,-97.959,-97.959,-97.959,-97.959,-97.959,-97.959
252.577,117.997,-97.947,-97.947,-97.947,-97.947,-97.947,-97.947,-97.947,-97.947,-97.947,-97.947,-97.947,-97.947,-97.947,-97.947,-97.947,-97.947,-97.947,-97.947,-97.947,-97.947,-97.947,-97.947,-97.947,-97.947,-97.947,-97.947,-97.947,-97.947,-97.947,-97.947,-97.947,-97.947,-97.947,-97.947,-97.947,-97.947,-97.947,-97.947,-97.947,-97.947,-97.947,-97.947,-97.947,-97.947,-97.947,-97.947,-97.947,-97.947,-97.947,-97.947,-97.947,-97.947,-97.947,-97.947,-97.947,-97.947,-97.947,-97.947,-97.947,-97.947,-97.947,-97.947,-97.947,-97.947,-97.947,-97.947,-97.947,-97.947,-97.947,-97.947,-97.947,-97.947,-97.947,-97.947,-97.947,-97.947,-97.947,-97.947,-97.947,-97.947,-97.947,-97.947,-97.947,-97.947,-97.947,-97.947,-97.947,-97.947,-97.947,-97.947,-97.947,-97.947,-97.947,-97.947,-97.947,-97.947,-97.947,-97.947,-97.947,-97.947,-97.947
274.100,117.997,-98.222,-98.222,-98.222,-98.222,-98.222,-98.222,-98.222,-98.222,-98.222,-98.222,-98.222,-98.222,-98.222,-98.222,-98.222,-98.222,-98.222,-98.222,-98.222,-98.222,-98.222,-98.222,-98.222,-98.222,-98.222,-98.222,-98.222,-98.222,-98.222,-98.222,-98.222,-98.222,-98.222,-98.222,-98.222,-98.222,-98.222,-98.222,-98.222,-98.222,-98.222,-98.222,-98.222,-98.222,-98.222,-98.222,-98.222,-98.222,-98.222,-98.222,-98.222,-98.222,-98.222,-98.222,-98.222,-98.222,-98.222,-98.222,-98.222,-98.222,-98.222,-98.222,-98.222,-98.222,-98.222,-98.222,-98.222,-98.222,-98.222,-98.222,-98.222,-98.222,-98.222,-98.222,-98.222,-98.222,-98.222,-98.222,-98.222,-98.222,-98.222,-98.222,-98.222,-98.222,-98.222,-98.222,-98.222,-98.222,-98.222,-98.222,-98.222,-98.222,-98.222,-98.222,-98.222,-98.222,-98.222,-98.222,-98.222,-98.222,-98.222
295.624,117.997,-97.437,-97.437,-97.437,-97.437,-97.437,-97.437,-97.437,-97.437,-97.437,-97.437,-97.437,-97.437,-97.437,-97.437,-97.437,-97.437,-97.437,-97.437,-97.437,-97.437,-97.437,-97.437,-97.437,-97.437,-97.437,-97.437,-97.437,-97.437,-97.437,-97.437,-97.437,-97.437,-97.437,-97.437,-97.437,-97.437,-97.437,-97.437,-97.437,-97.437,-97.437,-97.437,-97.437,-97.437,-97.437,-97.437,-97.437,-97.437,-97.437,-97.437,-97.437,-97.437,-97.437,-97.437,-97.437,-97.437,-97.437,-97.437,-97.437,-97.437,-97.437,-97.437,-97.437,-97.437,-97.437,-97.437,-97.437,-97.437,-97.437,-97.437,-97.437,-97.437,-97.437,-97.437,-97.437,-97.437,-97.437,-97.437,-97.437,-97.437,-97.437,-97.437,-97.437,-97.437,-97.437,-97.437,-97.437,-97.437,-97.437,-97.437,-97.437,-97.437,-97.437,-97.437,-97.437,-97.437,-97.437,-97.437,-97.437,-97.437,-97.437
317.147,117.997,-98.113,-98.113,-98.113,-98.113,-98.113,-98.113,-98.113,-98.113,-98.113,-98.113,-98.113,-98.113,-98.113,-98.113,-98.113,-98.113,-98.113,-98.113,-98.113,-98.113,-98.113,-98.113,-98.113,-98.113,-98.113,-98.113,-98.113,-98.113,-98.113,-98.113,-98.113,-98.113,-98.113,-98.113,-98.113,-98.113,-98.113,-98.113,-98.113,-98.113,-98.113,-98.113,-98.113,-98.113,-98.113,-98.113,-98.113,-98.113,-98.113,-98.113,-98.113,-98.113,-98.113,-98.113,-98.113,-98.113,-98.113,-98.113,-98.113,-98.113,-98.113,-98.113,-98.113,-98.113,-98.113,-98.113,-98.113,-98.113,-98.113,-98.113,-98.113,-98.113,-98.113,-98.113,-98.113,-98.113,-98.113,-98.113,-98.113,-98.113,-98.113,-98.113,-98.113,-98.113,-98.113,-98.113,-98.113,-98.113,-98.113,-98.113,-98.113,-98.113,-98.113,-98.113,-98.113,-98.113,-98.113,-98.113,-98.113,-98.113,-98.113
123.437,123.377,-98.030,-98.030,-98.030,-98.030,-98.030,-98.030,-98.030,-98.030,-98.030,-98.030,-98.030,-98.030,-98.030,-98.030,-98.030,-98.030,-98.030,-98.030,-98.030,-98.030,-98.030,-98.030,-98.030,-98.030,-98.030,-98.030,-98.030,-98.030,-98.030,-98.030,-98.030,-98.030,-98.030,-98.030,-98.030,-98.030,-98.030,-98.030,-98.030,-98.030,-98.030,-98.030,-98.030,-98.030,-98.030,-98.030,-98.030,-98.030,-98.030,-98.030,-98.030,-98.030,-98.030,-98.030,-98.030,-98.030,-98.030,-98.030,-98.030,-98.030,-98.030,-98.030,-98.030,-98.030,-98.030,-98.030,-98.030,-98.030,-98.030,-98.030,-98.030,-98.030,-98.030,-98.030,-98.030,-98.030,-98.030,-98.030,-98.030,-98.030,-98.030,-98.030,-98.030,-98.030,-98.030,-98.030,-98.030,-98.030,-98.030,-98.030,-98.030,-98.030,-98.030,-98.030,-98.030,-98.030,-98.030,-98.030,-98.030,-98.030,-98.030
144.960,123.377,-97.646,-97.646,-97.646,-97.646,-97.646,-97.646,-97.646,-97.646,-97.646,-97.646,-97.646,-97.646,-97.646,-97.646,-97.646,-97.646,-97.646,-97.646,-97.646,-97.646,-97.646,-97.646,-97.646,-97.646,-97.646,-97.646,-97.646,-97.646,-97.646,-97.646,-97.646,-97.646,-97.646,-97.646,-97.646,-97.646,-97.646,-97.646,-97.646,-97.646,-97.646,-97.646,-97.646,-97.646,-97.646,-97.646,-97.646,-97.646,-97.646,-97.646,-97.646,-97.646,-97.646,-97.646,-97.646,-97.646,-97.646,-97.646,-97.646,-97.646,-97.646,-97.646,-97.646,-97.646,-97.646,-97.646,-97.646,-97.646,-97.646,-97.646,-97.646,-97.646,-97.646,-97.646,-97.646,-97.646,-97.646,-97.646,-97.646,-97.646,-97.646,-97.646,-97.646,-97.646,-97.646,-97.646,-97.646,-97.646,-97.646,-97.646,-97.646,-97.646,-97.646,-97.646,-97.646,-97.646,-97.646,-97.646,-97.646,-97.646,-97.646
166.484,123.377,-97.812,-97.812,-97.812,-97.812,-97.812,-97.812,-97.812,-97.812,-97.812,-97.812,-97.812,-97.812,-97.812,-97.812,-97.812,-97.812,-97.812,-97.812,-97.812,-97.812,-97.812,-97.812,-97.812,-97.812,-97.812,-97.812,-97.812,-97.812,-97.812,-97.812,-97.812,-97.812,-97.812,-97.812,-97.812,-97.812,-97.812,-97.812,-97.812,-97.812,-97.812,-97.812,-97.812,-97.812,-97.812,-97.812,-97.812,-97.812,-97.812,-97.812,-97.812,-97.812,-97.812,-97.812,-97.812,-97.812,-97.812,-97.812,-97.812,-97.812,-97.812,-97.812,-97.812,-97.812,-97.812,-97.812,-97.812,-97.812,-97.812,-97.812,-97.812,-97.812,-97.812,-97.812,-97.812,-97.812,-97.812,-97.812,-97.812,-97.812,-97.812,-97.812,-97.812,-97.812,-97.812,-97.812,-97.812,-97.812,-97.812,-97.812,-97.812,-97.812,-97.812,-97.812,-97.812,-97.812,-97.812,-97.812,-97.812,-97.812,-97.812
188.007,123.377,-97.894,-97.894,-97.894,-97.894,-97.894,-97.894,-97.894,-97.894,-97.894,-97.894,-97.894,-97.894,-97.894,-97.894,-97.894,-97.894,-97.894,-97.894,-97.894,-97.894,-97.894,-97.894,-97.894,-97.894,-97.894,-97.894,-97.894,-97.894,-97.894,-97.894,-97.894,-97.894,-97.894,-97.894,-97.894,-97.894,-97.894,-97.894,-97.894,-97.894,-97.894,-97.894,-97.894,-97.894,-97.894,-97.894,-97.894,-97.894,-97.894,-97.894,-97.894,-97.894,-97.894,-97.894,-97.894,-97.894,-97.894,-97.894,-97.894,-97.894,-97.894,-97.894,-97.894,-97.894,-97.894,-97.894,-97.894,-97.894,-97.894,-97.894,-97.894,-97.894,-97.894,-97.894,-97.894,-97.894,-97.894,-97.894,-97.894,-97.894,-97.894,-97.894,-97.894,-97.894,-97.894,-97.894,-97.894,-97.894,-97.894,-97.894,-97.894,-97.894,-97.894,-97.894,-97.894,-97.894,-97.894,-97.894,-97.894,-97.894,-97.894
209.530,123.377,-97.737,-97.737,-97.737,-97.737,-97.737,-97.737,-97.737,-97.737,-97.737,-97.737,-97.737,-97.737,-97.737,-97.737,-97.737,-97.737,-97.737,-97.737,-97.737,-97.737,-97.737,-97.737,-97.737,-97.737,-97.737,-97.737,-97.737,-97.737,-97.737,-97.737,-97.737,-97.737,-97.737,-97.737,-97.737,-97.737,-97.737,-97.737,-97.737,-97.737,-97.737,-97.737,-97.737,-97.737,-97.737,-97.737,-97.737,-97.737,-97.737,-97.737,-97.737,-97.737,-97.737,-97.737,-97.737,-97.737,-97.737,-97.737,-97.737,-97.737,-97.737,-97.737,-97.737,-97.737,-97.737,-97.737,-97.737,-97.737,-97.737,-97.737,-97.737,-97.737,-97.737,-97.737,-97.737,-97.737,-97.737,-97.737,-97.737,-97.737,-97.737,-97.737,-97.737,-97.737,-97.737,-97.737,-97.737,-97.737,-97.737,-97.737,-97.737,-97.737,-97.737,-97.737,-97.737,-97.737,-97.737,-97.737,-97.737,-97.737,-97.737
231.054,123.377,-97.675,-97.675,-97.675,-97.675,-97.675,-97.675,-97.675,-97.675,-97.675,-97.675,-97.675,-97.675,-97.675,-97.675,-97.675,-97.675,-97.675,-97.675,-97.675,-97.675,-97.675,-97.675,-97.675,-97.675,-97.675,-97.675,-97.675,-97.675,-97.675,-97.675,-97.675,-97.675,-97.675,-97.675,-97.675,-97.675,-97.675,-97.675,-97.675,-97.675,-97.675,-97.675,-97.675,-97.675,-97.675,-97.675,-97.675,-97.675,-97.675,-97.675,-97.675,-97.675,-97.675,-97.675,-97.675,-97.675,-97.675,-97.675,-97.675,-97.675,-97.675,-97.675,-97.675,-97.675,-97.675,-97.675,-97.675,-97.675,-97.675,-97.675,-97.675,-97.675,-97.675,-97.675,-97.675,-97.675,-97.675,-97.675,-97.675,-97.675,-97.675,-97.675,-97.675,-97.675,-97.675,-97.675,-97.675,-97.675,-97.675,-97.675,-97.675,-97.675,-97.675,-97.675,-97.675,-97.675,-97.675,-97.675,-97.675,-97.675,-97.675
252.577,123.377,-98.418,-98.418,-98.418,-98.418,-98.418,-98.418,-98.418,-98.418,-98.418,-98.418,-98.418,-98.418,-98.418,-98.418,-98.418,-98.418,-98.418,-98.418,-98.418,-98.418,-98.418,-98.418,-98.418,-98.418,-98.418,-98.418,-98.418,-98.418,-98.418,-98.418,-98.418,-98.418,-98.418,-98.418,-98.418,-98.418,-98.418,-98.418,-98.418,-98.418,-98.418,-98.418,-98.418,-98.418,-98.418,-98.418,-98.418,-98.418,-98.418,-98.418,-98.418,-98.418,-98.418,-98.418,-98.418,-98.418,-98.418,-98.418,-98.418,-98.418,-98.418,-98.418,-98.418,-98.418,-98.418,-98.418,-98.418,-98.418,-98.418,-98.418,-98.418,-98.418,-98.418,-98.418,-98.418,-98.418,-98.418,-98.418,-98.418,-98.418,-98.418,-98.418,-98.418,-98.418,-98.418,-98.418,-98.418,-98.418,-98.418,-98.418,-98.418,-98.418,-98.418,-98.418,-98.418,-98.418,-98.418,-98.418,-98.418,-98.418,-98.418
274.100,123.377,-98.527,-98.527,-98.527,-98.527,-98.527,-98.527,-98.527,-98.527,-98.527,-98.527,-98.527,-98.527,-98.527,-98.527,-98.527,-98.527,-98.527,-98.527,-98.527,-98.527,-98.527,-98.527,-98.527,-98.527,-98.527,-98.527,-98.527,-98.527,-98.527,-98.527,-98.527,-98.527,-98.527,-98.527,-98.527,-98.527,-98.527,-98.527,-98.527,-98.527,-98.527,-98.527,-98.527,-98.527,-98.527,-98.527,-98.527,-98.527,-98.527,-98.527,-98.527,-98.527,-98.527,-98.527,-98.527,-98.527,-98.527,-98.527,-98.527,-98.527,-98.527,-98.527,-98.527,-98.527,-98.527,-98.527,-98.527,-98.527,-98.527,-98.527,-98.527,-98.527,-98.527,-98.527,-98.527,-98.527,-98.527,-98.527,-98.527,-98.527,-98.527,-98.527,-98.527,-98.527,-98.527,-98.527,-98.527,-98.527,-98.527,-98.527,-98.527,-98.527,-98.527,-98.527,-98.527,-98.527,-98.527,-98.527,-98.527,-98.527,-98.527
295.624,123.377,-98.084,-98.084,-98.084,-98.084,-98.084,-98.084,-98.084,-98.084,-98.084,-98.084,-98.084,-98.084,-98.084,-98.084,-98.084,-98.084,-98.084,-98.084,-98.084,-98.084,-98.084,-98.084,-98.084,-98.084,-98.084,-98.084,-98.084,-98.084,-98.084,-98.084,-98.084,-98.084,-98.084,-98.084,-98.084,-98.084,-98.084,-98.084,-98.084,-98.084,-98.084,-98.084,-98.084,-98.084,-98.084,-98.084,-98.084,-98.084,-98.084,-98.084,-98.084,-98.084,-98.084,-98.084,-98.084,-98.084,-98.084,-98.084,-98.084,-98.084,-98.084,-98.084,-98.084,-98.084,-98.084,-98.084,-98.084,-98.084,-98.084,-98.084,-98.084,-98.084,-98.084,-98.084,-98.084,-98.084,-98.084,-98.084,-98.084,-98.084,-98.084,-98.084,-98.084,-98.084,-98.084,-98.084,-98.084,-98.084,-98.084,-98.084,-98.084,-98.084,-98.084,-98.084,-98.084,-98.084,-98.084,-98.084,-98.084,-98.084,-98.084
317.147,123.377,-98.099,-98.099,-98.099,-98.099,-98.099,-98.099,-98.099,-98.099,-98.099,-98.099,-98.099,-98.099,-98.099,-98.099,-98.099,-98.099,-98.099,-98.099,-98.099,-98.099,-98.099,-98.099,-98.099,-98.099,-98.099,-98.099,-98.099,-98.099,-98.099,-98.099,-98.099,-98.099,-98.099,-98.099,-98.099,-98.099,-98.099,-98.099,-98.099,-98.099,-98.099,-98.099,-98.099,-98.099,-98.099,-98.099,-98.099,-98.099,-98.099,-98.099,-98.099,-98.099,-98.099,-98.099,-98.099,-98.099,-98.099,-98.099,-98.099,-98.099,-98.099,-98.099,-98.099,-98.099,-98.099,-98.099,-98.099,-98.099,-98.099,-98.099,-98.099,-98.099,-98.099,-98.099,-98.099,-98.099,-98.099,-98.099,-98.099,-98.099,-98.099,-98.099,-98.099,-98.099,-98.099,-98.099,-98.099,-98.099,-98.099,-98.099,-98.099,-98.099,-98.099,-98.099,-98.099,-98.099,-98.099,-98.099,-98.099,-98.099,-98.099
123.437,128.757,-98.220,-98.220,-98.220,-98.220,-98.220,-98.220,-98.220,-98.220,-98.220,-98.220,-98.220,-98.220,-98.220,-98.220,-98.220,-98.220,-98.220,-98.220,-98.220,-98.220,-98.220,-98.220,-98.220,-98.220,-98.220,-98.220,-98.220,-98.220,-98.220,-98.220,-98.220,-98.220,-98.220,-98.220,-98.220,-98.220,-98.220,-98.220,-98.220,-98.220,-98.220,-98.220,-98.220,-98.220,-98.220,-98.220,-98.220,-98.220,-98.220,-98.220,-98.220,-98.220,-98.220,-98.220,-98.220,-98.220,-98.220,-98.220,-98.220,-98.220,-98.220,-98.220,-98.220,-98.220,-98.220,-98.220,-98.220,-98.220,-98.220,-98.220,-98.220,-98.220,-98.220,-98.220,-98.220,-98.220,-98.220,-98.220,-98.220,-98.220,-98.220,-98.220,-98.220,-98.220,-98.220,-98.220,-98.220,-98.220,-98.220,-98.220,-98.220,-98.220,-98.220,-98.220,-98.220,-98.220,-98.220,-98.220,-98.220,-98.220,-98.220
144.960,128.757,-97.934,-97.934,-97.934,-97.934,-97.934,-97.934,-97.934,-97.934,-97.934,-97.934,-97.934,-97.934,-97.934,-97.934,-97.934,-97.934,-97.934,-97.934,-97.934,-97.934,-97.934,-97.934,-97.934,-97.934,-97.934,-97.934,-97.934,-97.934,-97.934,-97.934,-97.934,-97.934,-97.934,-97.934,-97.934,-97.934,-97.934,-97.934,-97.934,-97.934,-97.934,-97.934,-97.934,-97.934,-97.934,-97.934,-97.934,-97.934,-97.934,-97.934,-97.934,-97.934,-97.934,-97.934,-97.934,-97.934,-97.934,-97.934,-97.934,-97.934,-97.934,-97.934,-97.934,-97.934,-97.934,-97.934,-97.934,-97.934,-97.934,-97.934,-97.934,-97.934,-97.934,-97.934,-97.934,-97.934,-97.934,-97.934,-97.934,-97.934,-97.934,-97.934,-97.934,-97.934,-97.934,-97.934,-97.934,-97.934,-97.934,-97.934,-97.934,-97.934,-97.934,-97.934,-97.934,-97.934,-97.934,-97.934,-97.934,-97.934,-97.934
166.484,128.757,-97.810,-97.810,-97.810,-97.810,-97.810,-97.810,-97.810,-97.810,-97.810,-97.810,-97.810,-97.810,-97.810,-97.810,-97.810,-97.810,-97.810,-97.810,-97.810,-97.810,-97.810,-97.810,-97.810,-97.810,-97.810,-97.810,-97.810,-97.810,-97.810,-97.810,-97.810,-97.810,-97.810,-97.810,-97.810,-97.810,-97.810,-97.810,-97.810,-97.810,-97.810,-97.810,-97.810,-97.810,-97.810,-97.810,-97.810,-97.810,-97.810,-97.810,-97.810,-97.810,-97.810,-97.810,-97.810,-97.810,-97.810,-97.810,-97.810,-97.810,-97.810,-97.810,-97.810,-97.810,-97.810,-97.810,-97.810,-97.810,-97.810,-97.810,-97.810,-97.810,-97.810,-97.810,-97.810,-97.810,-97.810,-97.810,-97.810,-97.810,-97.810,-97.810,-97.810,-97.810,-97.810,-97.810,-97.810,-97.810,-97.810,-97.810,-97.810,-97.810,-97.810,-97.810,-97.810,-97.810,-97.810,-97.810,-97.810,-97.810,-97.810
188.007,128.757,-97.800,-97.800,-97.800,-97.800,-97.800,-97.800,-97.800,-97.800,-97.800,-97.800,-97.800,-97.800,-97.800,-97.800,-97.800,-97.800,-97.800,-97.800,-97.800,-97.800,-97.800,-97.800,-97.800,-97.800,-97.800,-97.800,-97.800,-97.800,-97.800,-97.800,-97.800,-97.800,-97.800,-97.800,-97.800,-97.800,-97.800,-97.800,-97.800,-97.800,-97.800,-97.800,-97.800,-97.800,-97.800,-97.800,-97.800,-97.800,-97.800,-97.800,-97.800,-97.800,-97.800,-97.800,-97.800,-97.800,-97.800,-97.800,-97.800,-97.800,-97.800,-97.800,-97.800,-97.800,-97.800,-97.800,-97.800,-97.800,-97.800,-97.800,-97.800,-97.800,-97.800,-97.800,-97.800,-97.800,-97.800,-97.800,-97.800,-97.800,-97.800,-97.800,-97.800,-97.800,-97.800,-97.800,-97.800,-97.800,-97.800,-97.800,-97.800,-97.800,-97.800,-97.800,-97.800,-97.800,-97.800,-97.800,-97.800,-97.800,-97.800
209.530,128.757,-97.606,-97.606,-97.606,-97.606,-97.606,-97.606,-97.606,-97.606,-97.606,-97.606,-97.606,-97.606,-97.606,-97.606,-97.606,-97.606,-97.606,-97.606,-97.606,-97.606,-97.606,-97.606,-97.606,-97.606,-97.606,-97.606,-97.606,-97.606,-97.606,-97.606,-97.606,-97.606,-97.606,-97.606,-97.606,-97.606,-97.606,-97.606,-97.606,-97.606,-97.606,-97.606,-97.606,-97.606,-97.606,-97.606,-97.606,-97.606,-97.606,-97.606,-97.606,-97.606,-97.606,-97.606,-97.606,-97.606,-97.606,-97.606,-97.606,-97.606,-97.606,-97.606,-97.606,-97.606,-97.606,-97.606,-97.606,-97.606,-97.606,-97.606,-97.606,-97.606,-97.606,-97.606,-97.606,-97.606,-97.606,-97.606,-97.606,-97.606,-97.606,-97.606,-97.606,-97.606,-97.606,-97.606,-97.606,-97.606,-97.606,-97.606,-97.606,-97.606,-97.606,-97.606,-97.606,-97.606,-97.606,-97.606,-97.606,-97.606,-97.606
231.054,128.757,-97.501,-97.501,-97.501,-97.501,-97.501,-97.501,-97.501,-97.501,-97.501,-97.501,-97.501,-97.501,-97.501,-97.501,-97.501,-97.501,-97.501,-97.501,-97.501,-97.501,-97.501,-97.501,-97.501,-97.501,-97.501,-97.501,-97.501,-97.501,-97.501,-97.501,-97.501,-97.501,-97.501,-97.501,-97.501,-97.501,-97.501,-97.501,-97.501,-97.501,-97.501,-97.501,-97.501,-97.501,-97.501,-97.501,-97.501,-97.501,-97.501,-97.501,-97.501,-97.501,-97.501,-97.501,-97.501,-97.501,-97.501,-97.501,-97.501,-97.501,-97.501,-97.501,-97.501,-97.501,-97.501,-97.501,-97.501,-97.501,-97.501,-97.501,-97.501,-97.501,-97.501,-97.501,-97.501,-97.501,-97.501,-97.501,-97.501,-97.501,-97.501,-97.501,-97.501,-97.501,-97.501,-97.501,-97.501,-97.501,-97.501,-97.501,-97.501,-97.501,-97.501,-97.501,-97.501,-97.501,-97.501,-97.501,-97.501,-97.501,-97.501
252.577,128.757,-98.629,-98.629,-98.629,-98.629,-98.629,-98.629,-98.629,-98.629,-98.629,-98.629,-98.629,-98.629,-98.629,-98.629,-98.629,-98.629,-98.629,-98.629,-98.629,-98.629,-98.629,-98.629,-98.629,-98.629,-98.629,-98.629,-98.629,-98.629,-98.629,-98.629,-98.629,-98.629,-98.629,-98.629,-98.629,-98.629,-98.629,-98.629,-98.629,-98.629,-98.629,-98.629,-98.629,-98.629,-98.629,-98.629,-98.629,-98.629,-98.629,-98.629,-98.629,-98.629,-98.629,-98.629,-98.629,-98.629,-98.629,-98.629,-98.629,-98.629,-98.629,-98.629,-98.629,-98.629,-98.629,-98.629,-98.629,-98.629,-98.629,-98.629,-98.629,-98.629,-98.629,-98.629,-98.629,-98.629,-98.629,-98.629,-98.629,-98.629,-98.629,-98.629,-98.629,-98.629,-98.629,-98.629,-98.629,-98.629,-98.629,-98.629,-98.629,-98.629,-98.629,-98.629,-98.629,-98.629,-98.629,-98.629,-98.629,-98.629,-98.629
274.100,128.757,-97.728,-97.728,-97.728,-97.728,-97.728,-97.728,-97.728,-97.728,-97.728,-97.728,-97.728,-97.728,-97.728,-97.728,-97.728,-97.728,-97.728,-97.728,-97.728,-97.728,-97.728,-97.728,-97.728,-97.728,-97.728,-97.728,-97.728,-97.728,-97.728,-97.728,-97.728,-97.728,-97.728,-97.728,-97.728,-97.728,-97.728,-97.728,-97.728,-97.728,-97.728,-97.728,-97.728,-97.728,-97.728,-97.728,-97.728,-97.728,-97.728,-97.728,-97.728,-97.728,-97.728,-97.728,-97.728,-97.728,-97.728,-97.728,-97.728,-97.728,-97.728,-97.728,-97.728,-97.728,-97.728,-97.728,-97.728,-97.728,-97.728,-97.728,-97.728,-97.728,-97.728,-97.728,-97.728,-97.728,-97.728,-97.728,-97.728,-97.728,-97.728,-97.728,-97.728,-97.728,-97.728,-97.728,-97.728,-97.728,-97.728,-97.728,-97.728,-97.728,-97.728,-97.728,-97.728,-97.728,-97.728,-97.728,-97.728,-97.728,-97.728
295.624,128.757,-98.581,-98.581,-98.581,-98.581,-98.581,-98.581,-98.581,-98.581,-98.581,-98.581,-98.581,-98.581,-98.581,-98.581,-98.581,-98.581,-98.581,-98.581,-98.581,-98.581,-98.581,-98.581,-98.581,-98.581,-98.581,-98.581,-98.581,-98.581,-98.581,-98.581,-98.581,-98.581,-98.581,-98.581,-98.581,-98.581,-98.581,-98.581,-98.581,-98.581,-98.581,-98.581,-98.581,-98.581,-98.581,-98.581,-98.581,-98.581,-98.581,-98.581,-98.581,-98.581,-98.581,-98.581,-98.581,-98.581,-98.581,-98.581,-98.581,-98.581,-98.581,-98.581,-98.581,-98.581,-98.581,-98.581,-98.581,-98.581,-98.581,-98.581,-98.581,-98.581,-98.581,-98.581,-98.581,-98.581,-98.581,-98.581,-98.581,-98.581,-98.581,-98.581,-98.581,-98.581,-98.581,-98.581,-98.581,-98.581,-98.581,-98.581,-98.581,-98.581,-98.581,-98.581,-98.581,-98.581,-98.581,-98.581,-98.581,-98.581,-98.581
317.147,128.757,-98.017,-98.017,-98.017,-98.017,-98.017,-98.017,-98.017,-98.017,-98.017,-98.017,-98.017,-98.017,-98.017,-98.017,-98.017,-98.017,-98.017,-98.017,-98.017,-98.017,-98.017,-98.017,-98.017,-98.017,-98.017,-98.017,-98.017,-98.017,-98.017,-98.017,-98.017,-98.017,-98.017,-98.017,-98.017,-98.017,-98.017,-98.017,-98.017,-98.017,-98.017,-98.017,-98.017,-98.017,-98.017,-98.017,-98.017,-98.017,-98.017,-98.017,-98.017,-98.017,-98.017,-98.017,-98.017,-98.017,-98.017,-98.017,-98.017,-98.017,-98.017,-98.017,-98.017,-98.017,-98.017,-98.017,-98.017,-98.017,-98.017,-98.017,-98.017,-98.017,-98.017,-98.017,-98.017,-98.017,-98.017,-98.017,-98.017,-98.017,-98.017,-98.017,-98.017,-98.017,-98.017,-98.017,-98.017,-98.017,-98.017,-98.017,-98.017,-98.017,-98.017,-98.017,-98.017,-98.017,-98.017,-98.017,-98.017,-98.017,-98.017
123.437,134.137,-98.077,-98.077,-98.077,-98.077,-98.077,-98.077,-98.077,-98.077,-98.077,-98.077,-98.077,-98.077,-98.077,-98.077,-98.077,-98.077,-98.077,-98.077,-98.077,-98.077,-98.077,-98.077,-98.077,-98.077,-98.077,-98.077,-98.077,-98.077,-98.077,-98.077,-98.077,-98.077,-98.077,-98.077,-98.077,-98.077,-98.077,-98.077,-98.077,-98.077,-98.077,-98.077,-98.077,-98.077,-98.077,-98.077,-98.077,-98.077,-98.077,-98.077,-98.077,-98.077,-98.077,-98.077,-98.077,-98.077,-98.077,-98.077,-98.077,-98.077,-98.077,-98.077,-98.077,-98.077,-98.077,-98.077,-98.077,-98.077,-98.077,-98.077,-98.077,-98.077,-98.077,-98.077,-98.077,-98.077,-98.077,-98.077,-98.077,-98.077,-98.077,-98.077,-98.077,-98.077,-98.077,-98.077,-98.077,-98.077,-98.077,-98.077,-98.077,-98.077,-98.077,-98.077,-98.077,-98.077,-98.077,-98.077,-98.077,-98.077,-98.077
144.960,134.137,-98.132,-98.132,-98.132,-98.132,-98.132,-98.132,-98.132,-98.132,-98.132,-98.132,-98.132,-98.132,-98.132,-98.132,-98.132,-98.132,-98.132,-98.132,-98.132,-98.132,-98.132,-98.132,-98.132,-98.132,-98.132,-98.132,-98.132,-98.132,-98.132,-98.132,-98.132,-98.132,-98.132,-98.132,-98.132,-98.132,-98.132,-98.132,-98.132,-98.132,-98.132,-98.132,-98.132,-98.132,-98.132,-98.132,-98.132,-98.132,-98.132,-98.132,-98.132,-98.132,-98.132,-98.132,-98.132,-98.132,-98.132,-98.132,-98.132,-98.132,-98.132,-98.132,-98.132,-98.132,-98.132,-98.132,-98.132,-98.132,-98.132,-98.132,-98.132,-98.132,-98.132,-98.132,-98.132,-98.132,-98.132,-98.132,-98.132,-98.132,-98.132,-98.132,-98.132,-98.132,-98.132,-98.132,-98.132,-98.132,-98.132,-98.132,-98.132,-98.132,-98.132,-98.132,-98.132,-98.132,-98.132,-98.132,-98.132,-98.132,-98.132
166.484,134.137,-97.669,-97.669,-97.669,-97.669,-97.669,-97.669,-97.669,-97.669,-97.669,-97.669,-97.669,-97.669,-97.669,-97.669,-97.669,-97.669,-97.669,-97.669,-97.669,-97.669,-97.669,-97.669,-97.669,-97.669,-97.669,-97.669,-97.669,-97.669,-97.669,-97.669,-97.669,-97.669,-97.669,-97.669,-97.669,-97.669,-97.669,-97.669,-97.669,-97.669,-97.669,-97.669,-97.669,-97.669,-97.669,-97.669,-97.669,-97.669,-97.669,-97.669,-97.669,-97.669,-97.669,-97.669,-97.669,-97.669,-97.669,-97.669,-97.669,-97.669,-97.669,-97.669,-97.669,-97.669,-97.669,-97.669,-97.669,-97.669,-97.669,-97.669,-97.669,-97.669,-97.669,-97.669,-97.669,-97.669,-97.669,-97.669,-97.669,-97.669,-97.669,-97.669,-97.669,-97.669,-97.669,-97.669,-97.669,-97.669,-97.669,-97.669,-97.669,-97.669,-97.669,-97.669,-97.669,-97.669,-97.669,-97.669,-97.669,-97.669,-97.669
188.007,134.137,-97.815,-97.815,-97.815,-97.815,-97.815,-97.815,-97.815,-97.815,-97.815,-97.815,-97.815,-97.815,-97.815,-97.815,-97.815,-97.815,-97.815,-97.815,-97.815,-97.815,-97.815,-97.815,-97.815,-97.815,-97.815,-97.815,-97.815,-97.815,-97.815,-97.815,-97.815,-97.815,-97.815,-97.815,-97.815,-97.815,-97.815,-97.815,-97.815,-97.815,-97.815,-97.815,-97.815,-97.815,-97.815,-97.815,-97.815,-97.815,-97.815,-97.815,-97.815,-97.815,-97.815,-97.815,-97.815,-97.815,-97.815,-97.815,-97.815,-97.815,-97.815,-97.815,-97.815,-97.815,-97.815,-97.815,-97.815,-97.815,-97.815,-97.815,-97.815,-97.815,-97.815,-97.815,-97.815,-97.815,-97.815,-97.815,-97.815,-97.815,-97.815,-97.815,-97.815,-97.815,-97.815,-97.815,-97.815,-97.815,-97.815,-97.815,-97.815,-97.815,-97.815,-97.815,-97.815,-97.815,-97.815,-97.815,-97.815,-97.815,-97.815
209.530,134.137,-97.856,-97.856,-97.856,-97.856,-97.856,-97.856,-97.856,-97.856,-97.856,-97.856,-97.856,-97.856,-97.856,-97.856,-97.856,-97.856,-97.856,-97.856,-97.856,-97.856,-97.856,-97.856,-97.856,-97.856,-97.856,-97.856,-97.856,-97.856,-97.856,-97.856,-97.856,-97.856,-97.856,-97.856,-97.856,-97.856,-97.856,-97.856,-97.856,-97.856,-97.856,-97.856,-97.856,-97.856,-97.856,-97.856,-97.856,-97.856,-97.856,-97.856,-97.856,-97.856,-97.856,-97.856,-97.856,-97.856,-97.856,-97.856,-97.856,-97.856,-97.856,-97.856,-97.856,-97.856,-97.856,-97.856,-97.856,-97.856,-97.856,-97.856,-97.856,-97.856,-97.856,-97.856,-97.856,-97.856,-97.856,-97.856,-97.856,-97.856,-97.856,-97.856,-97.856,-97.856,-97.856,-97.856,-97.856,-97.856,-97.856,-97.856,-97.856,-97.856,-97.856,-97.856,-97.856,-97.856,-97.856,-97.856,-97.856,-97.856,-97.856
231.054,134.137,-97.591,-97.591,-97.591,-97.591,-97.591,-97.591,-97.591,-97.591,-97.591,-97.591,-97.591,-97.591,-97.591,-97.591,-97.591,-97.591,-97.591,-97.591,-97.591,-97.591,-97.591,-97.591,-97.591,-97.591,-97.591,-97.591,-97.591,-97.591,-97.591,-97.591,-97.591,-97.591,-97.591,-97.591,-97.591,-97.591,-97.591,-97.591,-97.591,-97.591,-97.591,-97.591,-97.591,-97.591,-97.591,-97.591,-97.591,-97.591,-97.591,-97.591,-97.591,-97.591,-97.591,-97.591,-97.591,-97.591,-97.591,-97.591,-97.591,-97.591,-97.591,-97.591,-97.591,-97.591,-97.591,-97.591,-97.591,-97.591,-97.591,-97.591,-97.591,-97.591,-97.591,-97.591,-97.591,-97.591,-97.591,-97.591,-97.591,-97.591,-97.591,-97.591,-97.591,-97.591,-97.591,-97.591,-97.591,-97.591,-97.591,-97.591,-97.591,-97.591,-97.591,-97.591,-97.591,-97.591,-97.591,-97.591,-97.591,-97.591,-97.591
252.577,134.137,-98.285,-98.285,-98.285,-98.285,-98.285,-98.285,-98.285,-98.285,-98.285,-98.285,-98.285,-98.285,-98.285,-98.285,-98.285,-98.285,-98.285,-98.285,-98.285,-98.285,-98.285,-98.285,-98.285,-98.285,-98.285,-98.285,-98.285,-98.285,-98.285,-98.285,-98.285,-98.285,-98.285,-98.285,-98.285,-98.285,-98.285,-98.285,-98.285,-98.285,-98.285,-98.285,-98.285,-98.285,-98.285,-98.285,-98.285,-98.285,-98.285,-98.285,-98.285,-98.285,-98.285,-98.285,-98.285,-98.285,-98.285,-98.285,-98.285,-98.285,-98.285,-98.285,-98.285,-98.285,-98.285,-98.285,-98.285,-98.285,-98.285,-98.285,-98.285,-98.285,-98.285,-98.285,-98.285,-98.285,-98.285,-98.285,-98.285,-98.285,-98.285,-98.285,-98.285,-98.285,-98.285,-98.285,-98.285,-98.285,-98.285,-98.285,-98.285,-98.285,-98.285,-98.285,-98.285,-98.285,-98.285,-98.285,-98.285,-98.285,-98.285
274.100,134.137,-97.147,-97.147,-97.147,-97.147,-97.147,-97.147,-97.147,-97.147,-97.147,-97.147,-97.147,-97.147,-97.147,-97.147,-97.147,-97.147,-97.147,-97.147,-97.147,-97.147,-97.147,-97.147,-97.147,-97.147,-97.147,-97.147,-97.147,-97.147,-97.147,-97.147,-97.147,-97.147,-97.147,-97.147,-97.147,-97.147,-97.147,-97.147,-97.147,-97.147,-97.147,-97.147,-97.147,-97.147,-97.147,-97.147,-97.147,-97.147,-97.147,-97.147,-97.147,-97.147,-97.147,-97.147,-97.147,-97.147,-97.147,-97.147,-97.147,-97.147,-97.147,-97.147,-97.147,-97.147,-97.147,-97.147,-97.147,-97.147,-97.147,-97.147,-97.147,-97.147,-97.147,-97.147,-97.147,-97.147,-97.147,-97.147,-97.147,-97.147,-97.147,-97.147,-97.147,-97.147,-97.147,-97.147,-97.147,-97.147,-97.147,-97.147,-97.147,-97.147,-97.147,-97.147,-97.147,-97.147,-97.147,-97.147,-97.147,-97.147,-97.147
295.624,134.137,-98.705,-98.705,-98.705,-98.705,-98.705,-98.705,-98.705,-98.705,-98.705,-98.705,-98.705,-98.705,-98.705,-98.705,-98.705,-98.705,-98.705,-98.705,-98.705,-98.705,-98.705,-98.705,-98.705,-98.705,-98.705,-98.705,-98.705,-98.705,-98.705,-98.705,-98.705,-98.705,-98.705,-98.705,-98.705,-98.705,-98.705,-98.705,-98.705,-98.705,-98.705,-98.705,-98.705,-98.705,-98.705,-98.705,-98.705,-98.705,-98.705,-98.705,-98.705,-98.705,-98.705,-98.705,-98.705,-98.705,-98.705,-98.705,-98.705,-98.705,-98.705,-98.705,-98.705,-98.705,-98.705,-98.705,-98.705,-98.705,-98.705,-98.705,-98.705,-98.705,-98.705,-98.705,-98.705,-98.705,-98.705,-98.705,-98.705,-98.705,-98.705,-98.705,-98.705,-98.705,-98.705,-98.705,-98.705,-98.705,-98.705,-98.705,-98.705,-98.705,-98.705,-98.705,-98.705,-98.705,-98.705,-98.705,-98.705,-98.705,-98.705
317.147,134.137,-98.035,-98.035,-98.035,-98.035,-98.035,-98.035,-98.035,-98.035,-98.035,-98.035,-98.035,-98.035,-98.035,-98.035,-98.035,-98.035,-98.035,-98.035,-98.035,-98.035,-98.035,-98.035,-98.035,-98.035,-98.035,-98.035,-98.035,-98.035,-98.035,-98.035,-98.035,-98.035,-98.035,-98.035,-98.035,-98.035,-98.035,-98.035,-98.035,-98.035,-98.035,-98.035,-98.035,-98.035,-98.035,-98.035,-98.035,-98.035,-98.035,-98.035,-98.035,-98.035,-98.035,-98.035,-98.035,-98.035,-98.035,-98.035,-98.035,-98.035,-98.035,-98.035,-98.035,-98.035,-98.035,-98.035,-98.035,-98.035,-98.035,-98.035,-98.035,-98.035,-98.035,-98.035,-98.035,-98.035,-98.035,-98.035,-98.035,-98.035,-98.035,-98.035,-98.035,-98.035,-98.035,-98.035,-98.035,-98.035,-98.035,-98.035,-98.035,-98.035,-98.035,-98.035,-98.035,-98.035,-98.035,-98.035,-98.035,-98.035,-98.035
123.437,139.517,-97.244,-97.244,-97.244,-97.244,-97.244,-97.244,-97.244,-97.244,-97.244,-97.244,-97.244,-97.244,-97.244,-97.244,-97.244,-97.244,-97.244,-97.244,-97.244,-97.244,-97.244,-97.244,-97.244,-97.244,-97.244,-97.244,-97.244,-97.244,-97.244,-97.244,-97.244,-97.244,-97.244,-97.244,-97.244,-97.244,-97.244,-97.244,-97.244,-97.244,-97.244,-97.244,-97.244,-97.244,-97.244,-97.244,-97.244,-97.244,-97.244,-97.244,-97.244,-97.244,-97.244,-97.244,-97.244,-97.244,-97.244,-97.244,-97.244,-97.244,-97.244,-97.244,-97.244,-97.244,-97.244,-97.244,-97.244,-97.244,-97.244,-97.244,-97.244,-97.244,-97.244,-97.244,-97.244,-97.244,-97.244,-97.244,-97.244,-97.244,-97.244,-97.244,-97.244,-97.244,-97.244,-97.244,-97.244,-97.244,-97.244,-97.244,-97.244,-97.244,-97.244,-97.244,-97.244,-97.244,-97.244,-97.244,-97.244,-97.244,-97.244
144.960,139.517,-97.997,-97.997,-97.997,-97.997,-97.997,-97.997,-97.997,-97.997,-97.997,-97.997,-97.997,-97.997,-97.997,-97.997,-97.997,-97.997,-97.997,-97.997,-97.997,-97.997,-97.997,-97.997,-97.997,-97.997,-97.997,-97.997,-97.997,-97.997,-97.997,-97.997,-97.997,-97.997,-97.997,-97.997,-97.997,-97.997,-97.997,-97.997,-97.997,-97.997,-97.997,-97.997,-97.997,-97.997,-97.997,-97.997,-97.997,-97.997,-97.997,-97.997,-97.997,-97.997,-97.997,-97.997,-97.997,-97.997,-97.997,-97.997,-97.997,-97.997,-97.997,-97.997,-97.997,-97.997,-97.997,-97.997,-97.997,-97.997,-97.997,-97.997,-97.997,-97.997,-97.997,-97.997,-97.997,-97.997,-97.997,-97.997,-97.997,-97.997,-97.997,-97.997,-97.997,-97.997,-97.997,-97.997,-97.997,-97.997,-97.997,-97.997,-97.997,-97.997,-97.997,-97.997,-97.997,-97.997,-97.997,-97.997,-97.997,-97.997,-97.997
166.484,139.517,-97.595,-97.595,-97.595,-97.595,-97.595,-97.595,-97.595,-97.595,-97.595,-97.595,-97.595,-97.595,-97.595,-97.595,-97.595,-97.595,-97.595,-97.595,-97.595,-97.595,-97.595,-97.595,-97.595,-97.595,-97.595,-97.595,-97.595,-97.595,-97.595,-97.595,-97.595,-97.595,-97.595,-97.595,-97.595,-97.595,-97.595,-97.595,-97.595,-97.595,-97.595,-97.595,-97.595,-97.595,-97.595,-97.595,-97.595,-97.595,-97.595,-97.595,-97.595,-97.595,-97.595,-97.595,-97.595,-97.595,-97.595,-97.595,-97.595,-97.595,-97.595,-97.595,-97.595,-97.595,-97.595,-97.595,-97.595,-97.595,-97.595,-97.595,-97.595,-97.595,-97.595,-97.595,-97.595,-97.595,-97.595,-97.595,-97.595,-97.595,-97.595,-97.595,-97.595,-97.595,-97.595,-97.595,-97.595,-97.595,-97.595,-97.595,-97.595,-97.595,-97.595,-97.595,-97.595,-97.595,-97.595,-97.595,-97.595,-97.595,-97.595
188.007,139.517,-98.182,-98.182,-98.182,-98.182,-98.182,-98.182,-98.182,-98.182,-98.182,-98.182,-98.182,-98.182,-98.182,-98.182,-98.182,-98.182,-98.182,-98.182,-98.182,-98.182,-98.182,-98.182,-98.182,-98.182,-98.182,-98.182,-98.182,-98.182,-98.182,-98.182,-98.182,-98.182,-98.182,-98.182,-98.182,-98.182,-98.182,-98.182,-98.182,-98.182,-98.182,-98.182,-98.182,-98.182,-98.182,-98.182,-98.182,-98.182,-98.182,-98.182,-98.182,-98.182,-98.182,-98.182,-98.182,-98.182,-98.182,-98.182,-98.182,-98.182,-98.182,-98.182,-98.182,-98.182,-98.182,-98.182,-98.182,-98.182,-98.182,-98.182,-98.182,-98.182,-98.182,-98.182,-98.182,-98.182,-98.182,-98.182,-98.182,-98.182,-98.182,-98.182,-98.182,-98.182,-98.182,-98.182,-98.182,-98.182,-98.182,-98.182,-98.182,-98.182,-98.182,-98.182,-98.182,-98.182,-98.182,-98.182,-98.182,-98.182,-98.182
209.530,139.517,-98.955,-98.955,-98.955,-98.955,-98.955,-98.955,-98.955,-98.955,-98.955,-98.955,-98.955,-98.955,-98.955,-98.955,-98.955,-98.955,-98.955,-98.955,-98.955,-98.955,-98.955,-98.955,-98.955,-98.955,-98.955,-98.955,-98.955,-98.955,-98.955,-98.955,-98.955,-98.955,-98.955,-98.955,-98.955,-98.955,-98.955,-98.955,-98.955,-98.955,-98.955,-98.955,-98.955,-98.955,-98.955,-98.955,-98.955,-98.955,-98.955,-98.955,-98.955,-98.955,-98.955,-98.955,-98.955,-98.955,-98.955,-98.955,-98.955,-98.955,-98.955,-98.955,-98.955,-98.955,-98.955,-98.955,-98.955,-98.955,-98.955,-98.955,-98.955,-98.955,-98.955,-98.955,-98.955,-98.955,-98.955,-98.955,-98.955,-98.955,-98.955,-98.955,-98.955,-98.955,-98.955,-98.955,-98.955,-98.955,-98.955,-98.955,-98.955,-98.955,-98.955,-98.955,-98.955,-98.955,-98.955,-98.955,-98.955,-98.955,-98.955
231.054,139.517,-98.293,-98.293,-98.293,-98.293,-98.293,-98.293,-98.293,-98.293,-98.293,-98.293,-98.293,-98.293,-98.293,-98.293,-98.293,-98.293,-98.293,-98.293,-98.293,-98.293,-98.293,-98.293,-98.293,-98.293,-98.293,-98.293,-98.293,-98.293,-98.293,-98.293,-98.293,-98.293,-98.293,-98.293,-98.293,-98.293,-98.293,-98.293,-98.293,-98.293,-98.293,-98.293,-98.293,-98.293,-98.293,-98.293,-98.293,-98.293,-98.293,-98.293,-98.293,-98.293,-98.293,-98.293,-98.293,-98.293,-98.293,-98.293,-98.293,-98.293,-98.293,-98.293,-98.293,-98.293,-98.293,-98.293,-98.293,-98.293,-98.293,-98.293,-98.293,-98.293,-98.293,-98.293,-98.293,-98.293,-98.293,-98.293,-98.293,-98.293,-98.293,-98.293,-98.293,-98.293,-98.293,-98.293,-98.293,-98.293,-98.293,-98.293,-98.293,-98.293,-98.293,-98.293,-98.293,-98.293,-98.293,-98.293,-98.293,-98.293,-98.293
252.577,139.517,-98.416,-98.416,-98.416,-98.416,-98.416,-98.416,-98.416,-98.416,-98.416,-98.416,-98.416,-98.416,-98.416,-98.416,-98.416,-98.416,-98.416,-98.416,-98.416,-98.416,-98.416,-98.416,-98.416,-98.416,-98.416,-98.416,-98.416,-98.416,-98.416,-98.416,-98.416,-98.416,-98.416,-98.416,-98.416,-98.416,-98.416,-98.416,-98.416,-98.416,-98.416,-98.416,-98.416,-98.416,-98.416,-98.416,-98.416,-98.416,-98.416,-98.416,-98.416,-98.416,-98.416,-98.416,-98.416,-98.416,-98.416,-98.416,-98.416,-98.416,-98.416,-98.416,-98.416,-98.416,-98.416,-98.416,-98.416,-98.416,-98.416,-98.416,-98.416,-98.416,-98.416,-98.416,-98.416,-98.416,-98.416,-98.416,-98.416,-98.416,-98.416,-98.416,-98.416,-98.416,-98.416,-98.416,-98.416,-98.416,-98.416,-98.416,-98.416,-98.416,-98.416,-98.416,-98.416,-98.416,-98.416,-98.416,-98.416,-98.416,-98.416
274.100,139.517,-98.385,-98.385,-98.385,-98.385,-98.385,-98.385,-98.385,-98.385,-98.385,-98.385,-98.385,-98.385,-98.385,-98.385,-98.385,-98.385,-98.385,-98.385,-98.385,-98.385,-98.385,-98.385,-98.385,-98.385,-98.385,-98.385,-98.385,-98.385,-98.385,-98.385,-98.385,-98.385,-98.385,-98.385,-98.385,-98.385,-98.385,-98.385,-98.385,-98.385,-98.385,-98.385,-98.385,-98.385,-98.385,-98.385,-98.385,-98.385,-98.385,-98.385,-98.385,-98.385,-98.385,-98.385,-98.385,-98.385,-98.385,-98.385,-98.385,-98.385,-98.385,-98.385,-98.385,-98.385,-98.385,-98.385,-98.385,-98.385,-98.385,-98.385,-98.385,-98.385,-98.385,-98.385,-98.385,-98.385,-98.385,-98.385,-98.385,-98.385,-98.385,-98.385,-98.385,-98.385,-98.385,-98.385,-98.385,-98.385,-98.385,-98.385,-98.385,-98.385,-98.385,-98.385,-98.385,-98.385,-98.385,-98.385,-98.385,-98.385,-98.385
295.624,139.517,-98.244,-98.244,-98.244,-98.244,-98.244,-98.244,-98.244,-98.244,-98.244,-98.244,-98.244,-98.244,-98.244,-98.244,-98.244,-98.244,-98.244,-98.244,-98.244,-98.244,-98.244,-98.244,-98.244,-98.244,-98.244,-98.244,-98.244,-98.244,-98.244,-98.244,-98.244,-98.244,-98.244,-98.244,-98.244,-98.244,-98.244,-98.244,-98.244,-98.244,-98.244,-98.244,-98.244,-98.244,-98.244,-98.244,-98.244,-98.244,-98.244,-98.244,-98.244,-98.244,-98.244,-98.244,-98.244,-98.244,-98.244,-98.244,-98.244,-98.244,-98.244,-98.244,-98.244,-98.244,-98.244,-98.244,-98.244,-98.244,-98.244,-98.244,-98.244,-98.244,-98.244,-98.244,-98.244,-98.244,-98.244,-98.244,-98.244,-98.244,-98.244,-98.244,-98.244,-98.244,-98.244,-98.244,-98.244,-98.244,-98.244,-98.244,-98.244,-98.244,-98.244,-98.244,-98.244,-98.244,-98.244,-98.244,-98.244,-98.244,-98.244
317.147,139.517,-98.002,-98.002,-98.002,-98.002,-98.002,-98.002,-98.002,-98.002,-98.002,-98.002,-98.002,-98.002,-98.002,-98.002,-98.002,-98.002,-98.002,-98.002,-98.002,-98.002,-98.002,-98.002,-98.002,-98.002,-98.002,-98.002,-98.002,-98.002,-98.002,-98.002,-98.002,-98.002,-98.002,-98.002,-98.002,-98.002,-98.002,-98.002,-98.002,-98.002,-98.002,-98.002,-98.002,-98.002,-98.002,-98.002,-98.002,-98.002,-98.002,-98.002,-98.002,-98.002,-98.002,-98.002,-98.002,-98.002,-98.002,-98.002,-98.002,-98.002,-98.002,-98.002,-98.002,-98.002,-98.002,-98.002,-98.002,-98.002,-98.002,-98.002,-98.002,-98.002,-98.002,-98.002,-98.002,-98.002,-98.002,-98.002,-98.002,-98.002,-98.002,-98.002,-98.002,-98.002,-98.002,-98.002,-98.002,-98.002,-98.002,-98.002,-98.002,-98.002,-98.002,-98.002,-98.002,-98.002,-98.002,-98.002,-98.002,-98.002,-98.002
