PhysicalX(mm),PhysicalY(mm),P0,P1,P2,P3,P4,P5,P6,P7,P8,P9,P10,P11,P12,P13,P14,P15,P16,P17,P18,P19,P20,P21,P22,P23,P24,P25,P26,P27,P28,P29,P30,P31,P32,P33,P34,P35,P36,P37,P38,P39,P40,P41,P42,P43,P44,P45,P46,P47,P48,P49,P50,P51,P52,P53,P54,P55,P56,P57,P58,P59,P60,P61,P62,P63,P64,P65,P66,P67,P68,P69,P70,P71,P72,P73,P74,P75,P76,P77,P78,P79,P80,P81,P82,P83,P84,P85,P86,P87,P88,P89,P90,P91,P92,P93,P94,P95,P96,P97,P98,P99,P100
123.437,91.097,-101.884,-100.392,-102.254,-102.430,-101.629,-100.772,-102.297,-99.927,-100.137,-96.706,-96.723,-100.136,-100.750,-97.326,-101.792,-101.396,-102.337,-99.762,-101.116,-101.962,-102.031,-101.812,-100.376,-100.116,-98.684,-102.387,-102.586,-100.892,-100.335,-103.447,-100.902,-100.902,-101.975,-102.763,-101.504,-103.540,-103.044,-100.418,-103.402,-101.443,-99.816,-102.861,-101.187,-101.218,-101.714,-101.292,-101.949,-100.735,-102.344,-102.471,-101.412,-103.206,-101.547,-99.824,-103.433,-104.193,-101.329,-100.253,-104.253,-104.111,-104.706,-102.196,-100.731,-101.608,-101.333,-102.621,-101.227,-102.541,-101.800,-99.628,-102.623,-101.281,-102.963,-100.200,-100.216,-98.542,-103.329,-103.345,-99.826,-100.599,-102.435,-101.319,-99.702,-100.968,-103.416,-102.364,-103.218,-103.439,-98.928,-100.688,-101.996,-101.336,-100.057,-100.959,-100.180,-101.848,-102.378,-101.839,-98.164,-99.041,-100.019
164.218,91.097,-102.477,-100.378,-102.874,-100.410,-100.948,-100.224,-99.923,-102.246,-100.909,-100.381,-101.967,-100.208,-100.128,-99.528,-100.224,-103.204,-100.673,-103.170,-101.155,-102.674,-99.123,-102.839,-100.778,-102.137,-100.496,-101.090,-101.327,-99.587,-103.171,-101.076,-101.892,-101.833,-102.278,-102.044,-101.099,-103.285,-101.808,-102.080,-101.893,-101.874,-103.835,-100.545,-101.015,-103.149,-103.720,-104.286,-100.087,-101.407,-102.314,-101.648,-101.305,-102.226,-101.999,-100.653,-103.165,-104.527,-102.245,-99.413,-101.523,-101.587,-101.198,-99.796,-105.732,-101.649,-101.172,-104.152,-101.043,-97.287,-100.478,-97.185,-100.633,-102.314,-101.976,-100.194,-102.467,-101.463,-103.460,-102.342,-102.054,-100.093,-102.167,-101.797,-101.311,-102.683,-101.250,-99.488,-99.565,-102.603,-101.565,-100.327,-100.217,-102.671,-102.184,-100.331,-102.198,-100.296,-100.496,-98.156,-103.063,-102.284,-101.769
204.999,91.097,-102.241,-101.591,-99.455,-102.796,-101.024,-100.953,-101.276,-101.421,-103.315,-101.019,-101.833,-102.041,-100.080,-98.714,-100.365,-100.636,-103.719,-100.510,-99.919,-101.975,-101.483,-101.857,-99.793,-99.246,-99.711,-102.187,-101.623,-101.497,-101.756,-100.783,-100.669,-100.539,-102.656,-101.970,-99.836,-100.558,-100.876,-100.204,-101.906,-100.609,-103.704,-100.191,-102.414,-103.901,-101.794,-103.252,-100.964,-99.602,-102.351,-104.673,-101.615,-103.437,-101.242,-101.186,-100.590,-101.989,-98.969,-101.013,-104.610,-102.023,-101.097,-103.015,-102.426,-98.449,-102.602,-100.490,-101.203,-101.463,-100.303,-102.265,-103.329,-99.837,-103.268,-102.445,-100.477,-103.060,-102.533,-100.070,-101.532,-100.439,-103.567,-102.160,-99.392,-100.133,-98.821,-102.882,-102.013,-100.726,-103.127,-101.197,-102.870,-100.241,-102.577,-102.250,-103.427,-99.606,-103.477,-100.004,-101.083,-101.585,-100.883
245.780,91.097,-102.225,-100.110,-98.788,-102.890,-101.336,-102.796,-100.675,-102.825,-102.946,-99.691,-104.269,-98.854,-101.457,-102.408,-101.684,-101.035,-102.863,-102.220,-101.310,-103.076,-101.754,-103.689,-101.250,-101.167,-102.206,-100.538,-102.157,-102.744,-104.203,-100.650,-100.115,-102.340,-99.947,-101.607,-101.017,-102.450,-101.529,-102.198,-103.824,-101.781,-101.023,-101.026,-101.046,-102.759,-100.826,-99.976,-101.199,-101.654,-101.834,-102.141,-102.268,-101.074,-103.222,-101.835,-101.787,-99.911,-102.259,-102.090,-101.743,-99.937,-100.925,-101.507,-102.756,-101.851,-102.796,-100.959,-101.450,-102.117,-101.891,-104.227,-102.348,-102.142,-102.820,-102.195,-102.217,-101.236,-101.793,-101.567,-103.144,-100.802,-101.557,-101.286,-101.871,-104.324,-100.479,-100.025,-101.532,-100.804,-104.211,-100.263,-98.426,-101.458,-99.780,-101.455,-102.428,-99.966,-103.641,-103.548,-101.366,-100.897,-101.567
286.561,91.097,-104.350,-102.783,-101.066,-100.721,-102.269,-101.294,-101.417,-100.765,-101.627,-101.779,-103.111,-101.392,-100.804,-102.931,-102.931,-102.154,-101.245,-100.359,-103.026,-102.784,-103.474,-99.670,-101.332,-101.996,-102.495,-104.539,-104.574,-101.607,-99.815,-104.131,-101.269,-101.047,-100.770,-103.456,-101.754,-101.253,-99.966,-101.520,-101.437,-102.501,-104.083,-102.003,-100.797,-99.547,-100.529,-102.184,-102.546,-102.652,-103.140,-104.278,-102.994,-102.407,-99.892,-103.878,-101.687,-100.464,-100.129,-102.248,-102.975,-100.480,-102.197,-99.669,-100.956,-98.938,-101.168,-102.268,-99.069,-102.587,-99.024,-98.988,-101.968,-100.285,-103.799,-101.840,-100.362,-99.472,-101.870,-101.043,-102.763,-99.747,-103.097,-101.333,-101.569,-101.804,-99.976,-100.060,-101.576,-103.081,-102.968,-103.145,-102.159,-102.629,-101.822,-100.080,-100.068,-101.503,-103.458,-102.404,-103.193,-100.460,-100.852
123.437,101.290,-102.538,-99.718,-101.517,-102.804,-103.257,-100.562,-101.786,-100.022,-102.650,-102.251,-102.127,-103.398,-102.005,-102.267,-100.731,-100.739,-102.693,-103.354,-102.642,-102.578,-102.006,-99.375,-99.581,-99.231,-100.034,-102.498,-100.241,-98.520,-103.765,-102.055,-101.636,-99.702,-100.510,-101.653,-102.017,-101.254,-102.226,-102.891,-103.001,-100.475,-101.494,-100.611,-100.698,-100.795,-100.744,-99.675,-100.083,-103.080,-103.040,-100.481,-100.355,-100.359,-103.318,-100.357,-101.663,-102.802,-99.999,-101.683,-102.475,-98.334,-101.363,-103.017,-103.180,-101.941,-100.119,-102.393,-102.102,-101.477,-101.688,-102.134,-101.867,-102.205,-99.051,-101.729,-103.824,-101.121,-101.790,-104.228,-105.175,-100.346,-100.658,-102.750,-102.775,-100.857,-102.600,-100.158,-100.502,-101.104,-101.410,-100.197,-101.106,-100.794,-100.156,-101.396,-101.111,-100.885,-101.810,-103.050,-102.446,-102.400,-100.887
164.218,101.290,-103.355,-103.913,-101.287,-101.990,-104.726,-101.831,-100.245,-101.276,-102.597,-99.265,-102.241,-102.810,-101.080,-99.906,-101.084,-100.402,-100.360,-102.336,-101.688,-100.044,-102.206,-100.601,-99.081,-102.625,-100.477,-102.054,-101.852,-101.842,-101.888,-101.872,-99.620,-102.558,-100.409,-103.050,-101.598,-100.227,-100.987,-99.687,-98.923,-100.737,-101.170,-103.146,-99.027,-101.931,-105.220,-102.575,-101.212,-100.833,-102.447,-103.967,-102.485,-101.079,-100.520,-101.246,-100.322,-102.250,-101.611,-102.313,-100.669,-100.861,-101.967,-103.179,-99.767,-100.749,-102.254,-99.968,-101.987,-103.257,-103.913,-99.056,-105.014,-99.755,-101.601,-103.837,-101.555,-100.547,-100.846,-102.190,-102.130,-100.429,-98.727,-103.561,-101.165,-101.613,-101.644,-103.664,-100.729,-99.937,-100.490,-103.149,-103.891,-102.107,-102.444,-102.019,-103.092,-101.166,-101.742,-99.588,-103.431,-102.892,-100.947
204.999,101.290,-102.908,-100.601,-101.834,-100.006,-101.825,-102.862,-101.382,-101.922,-103.282,-101.172,-100.829,-102.768,-100.396,-101.318,-102.278,-101.138,-101.041,-98.916,-101.071,-102.931,-100.582,-100.137,-100.362,-100.463,-101.898,-100.592,-99.256,-101.037,-100.508,-103.024,-103.347,-101.951,-101.853,-102.717,-101.628,-99.644,-102.467,-100.755,-103.805,-101.872,-102.786,-102.262,-99.980,-103.187,-101.121,-100.834,-100.023,-101.096,-103.948,-102.401,-102.168,-101.822,-102.336,-101.742,-102.920,-101.778,-99.743,-101.826,-101.224,-100.741,-99.917,-100.974,-100.542,-100.570,-100.629,-100.852,-99.456,-102.335,-102.525,-100.936,-100.198,-101.694,-99.653,-100.621,-102.335,-100.868,-101.484,-101.483,-99.551,-100.111,-101.213,-100.411,-103.836,-102.848,-101.366,-100.940,-101.637,-104.611,-102.213,-103.848,-103.065,-103.884,-102.227,-102.292,-99.253,-99.345,-99.393,-101.279,-99.668,-99.975,-99.953
245.780,101.290,-102.974,-102.078,-100.483,-100.274,-104.309,-102.069,-102.376,-99.824,-99.822,-103.152,-102.790,-101.183,-101.522,-100.929,-102.709,-99.224,-100.881,-102.613,-101.290,-99.174,-102.083,-98.317,-100.287,-101.587,-100.477,-99.238,-101.353,-102.481,-102.602,-103.457,-100.375,-100.826,-102.655,-101.956,-99.954,-101.080,-101.005,-103.252,-101.039,-100.520,-101.768,-104.511,-100.226,-103.199,-102.004,-101.171,-104.385,-101.731,-100.366,-101.572,-103.862,-104.194,-101.311,-104.336,-99.972,-102.295,-102.321,-100.368,-102.209,-101.460,-101.979,-102.786,-102.626,-103.736,-100.955,-101.505,-100.333,-103.200,-99.251,-102.745,-99.338,-99.608,-101.513,-99.713,-100.832,-101.413,-105.644,-100.019,-100.841,-99.482,-100.681,-103.484,-101.785,-103.691,-102.214,-102.071,-103.076,-101.442,-101.030,-103.792,-101.273,-101.981,-100.916,-102.147,-102.653,-102.515,-100.023,-101.394,-102.340,-101.574,-101.262
286.561,101.290,-101.577,-103.343,-101.327,-100.176,-102.249,-99.342,-99.974,-100.406,-101.614,-101.648,-101.414,-101.942,-103.817,-102.047,-99.949,-103.666,-100.661,-101.597,-100.348,-100.976,-101.970,-99.426,-99.187,-103.427,-101.084,-101.102,-101.448,-101.348,-101.666,-101.422,-100.979,-100.273,-100.629,-99.696,-100.121,-99.488,-100.783,-100.688,-100.606,-102.016,-102.507,-103.075,-101.697,-101.824,-100.310,-102.557,-100.890,-100.325,-101.014,-99.246,-102.075,-101.175,-102.006,-101.880,-100.466,-101.008,-101.120,-101.238,-102.662,-101.909,-99.667,-101.188,-100.500,-102.423,-101.748,-102.574,-100.937,-100.975,-103.085,-99.215,-101.549,-98.733,-98.793,-103.909,-101.808,-101.030,-102.078,-101.623,-102.783,-102.978,-101.661,-101.653,-101.944,-101.299,-100.523,-102.009,-99.664,-101.213,-100.675,-100.445,-102.592,-101.577,-101.478,-101.739,-102.203,-103.961,-100.562,-101.920,-101.845,-99.844,-101.890
123.437,111.484,-102.695,-102.040,-100.404,-103.162,-101.237,-103.026,-103.095,-102.385,-102.232,-101.111,-99.663,-101.699,-101.608,-102.951,-103.972,-101.911,-101.434,-100.371,-100.040,-100.614,-102.687,-102.279,-100.857,-101.533,-98.673,-101.218,-100.323,-103.567,-101.390,-101.836,-104.649,-100.229,-102.793,-101.179,-102.237,-98.528,-99.640,-100.971,-103.743,-102.278,-103.872,-100.600,-100.645,-100.284,-100.838,-100.463,-103.249,-100.862,-99.693,-102.575,-99.300,-103.007,-101.895,-100.140,-99.961,-101.639,-102.179,-103.445,-101.961,-102.896,-100.946,-100.768,-101.723,-101.440,-103.589,-103.984,-102.062,-101.818,-101.942,-102.097,-100.294,-102.482,-104.175,-100.638,-101.636,-103.259,-100.983,-101.095,-99.919,-102.681,-102.014,-103.875,-101.066,-101.064,-101.772,-102.206,-102.906,-102.381,-102.681,-101.318,-99.756,-102.819,-101.407,-101.880,-101.237,-100.188,-100.384,-102.599,-100.842,-103.032,-104.422
164.218,111.484,-102.767,-102.220,-101.376,-101.816,-101.578,-101.478,-102.195,-101.640,-99.539,-101.716,-97.312,-102.690,-100.784,-102.048,-101.470,-102.734,-101.308,-101.801,-101.583,-102.551,-100.574,-103.895,-100.255,-103.620,-101.993,-102.075,-102.704,-101.728,-101.409,-101.097,-102.044,-101.230,-103.210,-100.882,-101.928,-102.012,-101.403,-101.309,-100.477,-98.771,-100.903,-101.395,-103.596,-98.891,-103.198,-102.232,-100.703,-102.194,-102.455,-103.150,-102.338,-99.790,-103.572,-99.940,-100.232,-99.395,-102.617,-101.285,-99.606,-97.873,-103.485,-99.270,-101.356,-101.112,-99.748,-102.434,-101.148,-101.281,-99.592,-102.593,-99.750,-99.749,-103.115,-100.832,-102.605,-101.516,-101.285,-99.308,-101.290,-102.153,-104.340,-100.328,-101.802,-101.376,-103.141,-102.277,-102.254,-100.974,-102.570,-100.541,-100.127,-105.430,-102.057,-103.377,-101.285,-102.989,-102.441,-101.284,-102.032,-101.548,-102.919
204.999,111.484,-100.219,-100.916,-101.684,-104.591,-99.925,-100.997,-100.869,-100.855,-101.888,-100.725,-103.626,-103.359,-102.540,-100.233,-101.321,-103.219,-98.943,-103.389,-100.345,-102.966,-99.285,-100.939,-103.099,-103.159,-100.714,-100.749,-101.433,-102.873,-101.545,-102.921,-102.226,-98.980,-102.135,-101.350,-102.776,-100.534,-101.059,-103.121,-100.576,-100.740,-101.449,-100.696,-101.465,-100.981,-104.831,-98.802,-101.212,-103.947,-99.999,-100.761,-102.086,-101.480,-100.830,-100.758,-103.295,-100.497,-101.539,-102.315,-102.922,-99.319,-103.402,-103.498,-103.985,-100.860,-100.458,-100.933,-102.823,-101.461,-101.507,-101.693,-102.850,-100.555,-104.495,-100.905,-100.620,-101.392,-102.878,-102.104,-100.756,-100.709,-101.409,-100.850,-100.575,-102.010,-99.855,-102.867,-103.415,-101.031,-99.600,-101.071,-101.101,-100.871,-100.625,-103.084,-100.126,-100.459,-99.059,-99.636,-103.892,-101.967,-101.821
245.780,111.484,-101.526,-101.947,-99.276,-102.869,-101.436,-102.496,-102.625,-102.649,-101.188,-103.198,-100.572,-102.556,-102.016,-101.552,-101.510,-100.228,-101.851,-102.116,-104.808,-101.697,-99.834,-102.397,-101.659,-101.011,-101.070,-104.722,-102.767,-102.217,-101.628,-102.473,-100.593,-105.058,-100.399,-102.080,-102.313,-103.527,-100.474,-101.524,-101.901,-98.703,-101.649,-100.533,-103.161,-103.433,-101.528,-103.281,-101.534,-105.257,-101.680,-101.710,-103.992,-103.613,-102.589,-101.882,-100.939,-100.114,-104.542,-101.631,-104.397,-102.033,-100.648,-100.163,-103.239,-102.447,-103.859,-103.151,-102.739,-102.829,-99.464,-102.943,-101.882,-99.252,-100.231,-100.522,-102.238,-99.688,-100.386,-100.957,-102.946,-102.344,-102.724,-102.610,-102.833,-100.237,-99.508,-99.870,-101.480,-102.632,-101.576,-99.854,-100.217,-100.998,-100.386,-103.005,-101.592,-101.905,-99.164,-97.939,-103.959,-104.936,-101.846
286.561,111.484,-102.710,-100.617,-100.500,-102.252,-101.100,-100.829,-100.598,-100.615,-104.448,-102.224,-102.694,-101.535,-100.414,-99.777,-101.793,-101.512,-101.991,-102.197,-101.314,-103.906,-103.839,-102.033,-101.986,-101.664,-101.580,-101.458,-102.028,-100.426,-98.219,-100.553,-99.485,-101.854,-98.979,-103.235,-99.041,-100.016,-100.678,-100.154,-101.193,-101.370,-102.767,-103.256,-100.796,-100.800,-101.697,-101.358,-98.749,-101.521,-100.619,-100.713,-102.859,-103.291,-102.600,-101.017,-101.569,-101.277,-101.866,-100.974,-99.588,-102.092,-100.649,-100.808,-101.354,-102.607,-99.932,-99.785,-102.032,-103.828,-100.720,-103.835,-102.256,-102.672,-100.010,-100.021,-100.601,-100.661,-102.721,-102.551,-100.523,-102.714,-98.212,-99.787,-100.545,-101.679,-103.529,-102.960,-104.065,-101.530,-102.788,-101.079,-99.695,-100.445,-100.554,-105.260,-100.162,-100.498,-103.638,-100.584,-99.487,-103.587,-100.495
123.437,121.678,-101.017,-102.400,-102.774,-102.440,-103.846,-102.182,-98.560,-99.808,-102.755,-99.416,-102.194,-99.984,-99.502,-100.445,-101.879,-104.149,-101.746,-102.151,-101.220,-101.355,-99.295,-100.657,-102.544,-100.528,-103.421,-102.571,-102.096,-102.322,-102.334,-100.103,-102.806,-101.479,-99.651,-102.489,-100.351,-100.244,-101.268,-104.729,-102.395,-101.879,-101.473,-101.183,-99.854,-102.820,-102.679,-100.716,-101.628,-101.171,-100.257,-100.537,-104.083,-102.287,-103.043,-100.942,-101.530,-101.513,-100.955,-102.104,-99.763,-101.140,-102.508,-104.146,-100.181,-96.856,-101.541,-98.524,-101.813,-101.349,-101.835,-101.196,-100.878,-101.114,-101.716,-99.592,-101.735,-100.428,-101.171,-102.184,-102.120,-102.086,-100.717,-100.793,-103.277,-102.162,-102.501,-102.874,-102.642,-100.493,-102.359,-101.498,-104.094,-101.054,-101.101,-101.369,-100.330,-102.260,-100.403,-100.315,-100.855,-102.136,-101.775
164.218,121.678,-100.868,-100.133,-100.888,-101.096,-102.999,-100.799,-103.671,-102.698,-103.808,-102.794,-101.806,-100.447,-101.473,-101.238,-101.987,-100.193,-101.649,-101.712,-100.861,-103.215,-99.876,-100.312,-99.408,-101.239,-101.663,-99.116,-104.320,-103.036,-99.719,-100.359,-102.322,-100.679,-101.712,-99.825,-99.891,-102.914,-101.309,-99.914,-101.155,-101.027,-101.391,-104.092,-101.767,-100.216,-103.064,-101.518,-101.003,-100.160,-103.902,-101.062,-99.802,-100.025,-103.857,-102.866,-102.874,-101.093,-102.524,-102.577,-102.835,-101.545,-101.298,-101.490,-101.891,-100.076,-104.612,-100.469,-99.607,-101.546,-102.945,-100.891,-103.047,-98.421,-102.689,-100.999,-99.750,-102.441,-100.880,-101.257,-101.894,-102.114,-100.908,-101.531,-103.534,-100.788,-101.848,-99.946,-98.119,-102.531,-101.327,-102.617,-99.854,-102.332,-102.169,-97.131,-100.694,-98.956,-101.698,-100.869,-101.808,-100.094,-101.827
204.999,121.678,-100.121,-101.083,-100.556,-100.996,-102.820,-101.481,-102.877,-100.031,-100.082,-100.054,-101.028,-98.488,-104.982,-101.914,-99.982,-100.156,-100.800,-103.759,-103.304,-99.457,-101.140,-101.142,-104.176,-101.239,-100.747,-100.747,-102.672,-100.927,-99.715,-100.551,-100.562,-100.249,-102.747,-102.420,-102.271,-102.742,-103.141,-99.176,-100.687,-99.607,-102.663,-100.237,-102.382,-103.851,-99.612,-103.774,-100.297,-103.687,-102.313,-101.400,-102.469,-103.708,-101.021,-101.613,-103.366,-99.440,-100.483,-99.971,-103.387,-103.055,-101.439,-100.411,-99.863,-99.647,-102.584,-100.179,-101.539,-101.844,-101.559,-100.659,-101.698,-102.375,-101.217,-100.407,-100.478,-102.127,-102.273,-103.054,-103.625,-103.033,-101.485,-101.792,-102.248,-100.902,-102.012,-99.430,-99.047,-101.296,-103.083,-102.395,-100.500,-102.675,-103.892,-103.816,-100.352,-99.350,-101.656,-101.963,-97.533,-100.811,-100.466
245.780,121.678,-101.424,-102.131,-99.589,-102.381,-102.444,-98.873,-100.957,-102.355,-98.748,-101.378,-100.683,-99.826,-103.797,-100.621,-102.969,-101.987,-102.181,-102.724,-102.468,-101.500,-99.946,-100.964,-102.831,-100.759,-102.386,-100.745,-100.136,-101.278,-105.271,-102.888,-101.469,-100.954,-101.969,-102.006,-101.421,-101.628,-101.323,-102.733,-103.521,-102.493,-101.186,-102.690,-103.418,-100.092,-102.585,-100.332,-100.416,-100.890,-102.436,-101.504,-100.412,-101.715,-99.619,-101.067,-102.875,-102.539,-104.413,-101.368,-102.876,-99.885,-100.908,-100.722,-102.388,-100.822,-98.915,-101.237,-102.678,-101.482,-99.766,-101.014,-101.340,-99.627,-101.513,-102.231,-101.995,-101.581,-103.308,-101.201,-101.672,-100.289,-102.371,-101.321,-103.730,-100.868,-101.504,-101.263,-102.870,-101.353,-99.827,-102.952,-101.391,-101.547,-101.437,-103.252,-98.773,-100.245,-102.217,-101.389,-97.842,-102.081,-102.662
286.561,121.678,-103.483,-102.656,-102.878,-102.184,-101.199,-103.059,-101.369,-102.549,-104.535,-100.866,-100.507,-102.847,-102.309,-102.174,-99.362,-100.488,-101.686,-101.640,-104.264,-102.233,-103.107,-101.401,-103.084,-100.533,-101.904,-101.506,-101.772,-101.472,-102.139,-102.934,-104.046,-101.837,-102.484,-102.999,-101.957,-101.732,-99.048,-101.741,-99.761,-102.493,-101.936,-104.449,-103.039,-100.603,-101.659,-100.978,-101.480,-102.791,-102.629,-103.291,-101.593,-99.404,-99.674,-101.472,-99.955,-99.932,-101.946,-102.149,-102.464,-100.042,-102.158,-101.868,-100.477,-100.987,-103.341,-102.212,-103.448,-102.790,-101.515,-102.107,-99.305,-103.091,-102.629,-101.919,-101.167,-104.098,-96.229,-102.091,-104.863,-99.971,-100.478,-101.241,-99.039,-101.361,-99.242,-101.175,-101.485,-101.174,-101.871,-101.243,-101.405,-102.704,-99.756,-103.277,-101.935,-102.362,-101.714,-98.772,-99.868,-103.024,-102.514
123.437,131.872,-103.690,-101.336,-101.378,-102.058,-100.683,-102.056,-101.294,-101.814,-103.037,-104.329,-98.814,-98.852,-103.990,-100.518,-98.067,-103.172,-104.339,-100.533,-101.200,-101.600,-102.769,-100.449,-101.125,-99.567,-103.123,-102.201,-100.537,-100.541,-100.895,-101.399,-100.250,-99.170,-101.103,-102.749,-101.935,-101.290,-102.498,-99.159,-101.532,-100.747,-104.094,-100.227,-101.850,-100.560,-102.151,-100.619,-102.353,-103.043,-97.839,-101.568,-100.907,-101.819,-102.353,-101.788,-101.687,-103.706,-99.611,-100.556,-102.527,-102.316,-104.847,-101.219,-97.915,-101.546,-101.813,-100.476,-99.833,-101.061,-102.834,-102.353,-100.244,-99.573,-101.363,-103.267,-104.015,-101.197,-100.854,-102.185,-98.360,-100.947,-102.673,-99.524,-103.922,-102.894,-102.492,-102.771,-100.837,-101.944,-102.863,-99.271,-103.261,-101.302,-103.849,-100.639,-103.546,-102.828,-102.087,-100.324,-103.239,-100.403,-100.454
164.218,131.872,-102.023,-101.303,-99.883,-102.245,-102.178,-103.502,-104.639,-101.042,-101.562,-102.198,-102.660,-98.434,-100.807,-101.745,-100.392,-102.442,-100.744,-101.924,-98.111,-101.561,-101.240,-102.705,-102.398,-102.606,-100.979,-101.822,-101.987,-103.054,-104.240,-103.749,-102.928,-103.273,-100.907,-101.365,-102.022,-100.640,-101.621,-101.589,-100.258,-100.805,-102.070,-99.828,-101.416,-103.501,-104.051,-99.919,-101.730,-101.616,-102.566,-99.620,-102.114,-100.233,-101.471,-101.925,-102.639,-101.631,-99.233,-101.460,-103.035,-98.982,-102.111,-100.423,-101.658,-100.396,-103.253,-99.363,-102.808,-103.181,-105.552,-102.136,-99.731,-100.323,-101.915,-102.379,-101.831,-100.766,-104.093,-103.590,-102.353,-104.269,-101.098,-100.094,-102.631,-103.479,-100.827,-101.451,-100.458,-99.511,-99.882,-101.522,-103.576,-100.873,-102.269,-101.835,-100.542,-102.446,-104.130,-99.850,-103.353,-101.840,-102.775
204.999,131.872,-103.109,-102.578,-101.118,-101.525,-101.758,-101.454,-102.746,-100.885,-102.756,-100.854,-102.162,-101.052,-101.157,-98.622,-100.273,-101.938,-103.040,-102.316,-103.787,-99.464,-100.401,-101.223,-99.879,-100.941,-103.520,-101.429,-101.143,-102.455,-102.521,-103.933,-104.808,-101.926,-100.369,-103.460,-100.135,-102.229,-100.580,-103.134,-103.417,-99.096,-99.837,-101.602,-102.230,-102.237,-102.215,-103.425,-103.394,-100.390,-99.521,-99.985,-102.348,-100.998,-102.204,-100.292,-101.535,-102.402,-103.505,-102.052,-101.765,-103.729,-102.020,-103.326,-102.047,-100.009,-99.360,-101.176,-102.124,-100.502,-101.319,-101.259,-103.805,-102.775,-103.065,-102.024,-101.074,-102.549,-103.688,-103.344,-101.001,-101.235,-102.735,-104.494,-100.286,-100.302,-98.228,-103.855,-101.653,-100.794,-102.092,-102.481,-100.275,-99.250,-101.081,-101.477,-103.782,-104.400,-101.056,-103.405,-102.162,-102.649,-101.987
245.780,131.872,-100.645,-98.704,-102.035,-104.140,-99.117,-102.940,-101.696,-102.210,-103.744,-101.445,-99.488,-99.812,-103.382,-100.990,-101.431,-101.444,-101.972,-98.261,-102.611,-100.637,-101.361,-102.314,-103.278,-101.579,-101.457,-101.512,-101.431,-100.695,-102.362,-103.510,-102.673,-103.480,-103.740,-100.238,-100.343,-101.513,-103.475,-99.222,-101.138,-98.043,-100.620,-99.809,-99.486,-101.501,-101.371,-101.706,-100.818,-102.746,-103.097,-102.638,-101.228,-101.248,-102.333,-100.615,-102.139,-101.594,-100.461,-101.865,-97.188,-102.087,-104.227,-100.595,-102.573,-101.542,-102.344,-100.920,-98.791,-102.511,-102.457,-102.359,-101.350,-98.579,-101.250,-100.742,-102.567,-98.819,-101.411,-101.764,-102.787,-103.119,-101.891,-106.029,-100.206,-102.894,-101.107,-101.723,-101.313,-100.053,-102.545,-99.151,-101.728,-98.751,-102.451,-101.661,-101.785,-101.662,-102.156,-101.678,-100.778,-101.987,-101.669
286.561,131.872,-103.496,-100.745,-100.608,-101.746,-102.846,-103.734,-104.724,-101.824,-104.075,-101.318,-100.581,-99.739,-102.785,-100.508,-101.851,-103.311,-99.970,-104.758,-101.222,-102.083,-100.831,-102.969,-100.837,-99.579,-99.716,-99.632,-103.233,-101.279,-101.818,-98.778,-101.000,-102.009,-102.720,-104.024,-101.592,-101.033,-104.467,-104.447,-101.300,-101.121,-99.845,-102.270,-100.593,-100.717,-102.420,-101.657,-101.138,-101.626,-99.497,-100.557,-101.638,-99.410,-101.130,-101.999,-99.169,-101.224,-100.105,-102.964,-102.837,-101.242,-102.022,-100.576,-103.957,-99.661,-101.269,-99.231,-101.953,-99.304,-99.788,-100.072,-100.074,-100.744,-100.269,-99.247,-101.117,-102.922,-102.045,-101.414,-101.875,-102.824,-103.565,-101.635,-98.652,-100.760,-100.915,-101.199,-102.192,-102.165,-103.762,-102.542,-99.871,-99.700,-100.018,-102.538,-101.559,-101.838,-101.311,-99.980,-101.348,-99.422,-105.167
317.150,139.520,-102.531,-101.849,-103.862,-102.527,-101.880,-101.105,-99.169,-102.513,-103.230,-101.294,-101.342,-101.812,-101.340,-102.643,-101.342,-100.646,-102.127,-101.851,-104.295,-102.627,-100.522,-99.709,-101.582,-100.321,-100.732,-103.102,-101.402,-100.960,-101.440,-100.189,-101.502,-101.380,-101.486,-101.101,-104.107,-102.795,-99.541,-99.453,-103.233,-100.997,-101.025,-103.044,-102.664,-102.070,-100.471,-100.983,-101.449,-103.447,-100.274,-103.660,-101.833,-101.831,-104.327,-102.356,-103.035,-100.648,-99.840,-102.362,-101.514,-101.649,-101.897,-100.496,-103.360,-100.007,-101.989,-105.367,-100.978,-101.169,-100.230,-101.782,-102.951,-104.317,-104.177,-100.936,-103.489,-101.461,-100.188,-103.949,-100.084,-101.564,-101.514,-101.200,-101.445,-102.145,-100.962,-105.646,-101.341,-100.382,-100.205,-102.946,-102.421,-101.972,-100.837,-101.074,-100.298,-101.586,-101.436,-101.612,-103.838,-102.044,-102.966
317.150,91.100,-102.372,-100.300,-101.640,-99.924,-103.309,-100.631,-103.401,-102.831,-99.820,-101.367,-103.066,-100.163,-100.905,-100.965,-102.654,-102.877,-101.240,-102.953,-100.858,-101.701,-102.887,-104.229,-101.563,-102.274,-102.567,-100.840,-103.003,-101.817,-100.962,-98.373,-102.722,-100.315,-101.619,-102.794,-103.234,-102.006,-101.628,-99.182,-101.657,-101.978,-102.418,-99.973,-99.462,-101.165,-101.272,-103.629,-101.972,-104.080,-100.160,-101.336,-100.057,-102.065,-99.963,-101.523,-101.629,-102.624,-100.072,-103.753,-98.052,-98.083,-101.350,-102.868,-102.561,-101.604,-101.159,-101.962,-100.768,-99.359,-101.947,-102.699,-102.429,-99.976,-102.558,-103.876,-100.119,-103.033,-102.225,-102.039,-102.884,-103.328,-101.022,-101.454,-102.026,-98.954,-100.037,-101.882,-104.827,-103.921,-100.272,-102.624,-101.872,-100.754,-101.386,-102.498,-101.151,-96.721,-99.994,-100.276,-102.138,-100.476,-102.800
317.150,121.680,-102.117,-102.043,-103.242,-100.288,-101.409,-101.998,-100.694,-99.691,-102.450,-100.675,-102.926,-101.069,-100.539,-102.453,-100.890,-100.887,-104.389,-101.273,-100.754,-100.221,-101.864,-102.228,-102.080,-99.841,-100.176,-103.860,-102.294,-102.248,-103.802,-101.015,-101.758,-103.673,-99.443,-100.963,-99.333,-100.909,-103.055,-102.220,-101.881,-101.827,-101.383,-100.933,-101.465,-101.492,-100.903,-101.463,-101.907,-104.992,-100.390,-101.319,-101.313,-103.433,-103.523,-102.313,-103.619,-104.813,-103.801,-102.247,-100.349,-102.308,-101.544,-101.798,-100.980,-102.946,-101.169,-101.103,-100.948,-101.572,-100.311,-103.305,-101.049,-101.972,-101.844,-102.501,-102.927,-101.929,-102.245,-100.352,-101.683,-100.179,-99.254,-100.241,-99.363,-99.483,-101.382,-101.433,-99.264,-100.630,-100.508,-98.239,-102.534,-101.488,-100.579,-98.517,-98.544,-103.400,-101.262,-100.996,-100.208,-101.871,-102.636
276.370,139.520,-102.518,-102.104,-102.263,-103.216,-100.869,-99.113,-99.985,-101.763,-100.731,-103.325,-99.829,-101.386,-99.956,-102.288,-100.887,-101.115,-101.274,-102.275,-103.670,-103.101,-101.391,-102.731,-102.949,-100.968,-101.812,-101.285,-101.139,-101.304,-103.688,-98.385,-100.522,-104.351,-102.565,-102.397,-99.631,-102.739,-102.520,-103.194,-100.917,-103.072,-103.551,-100.646,-103.249,-102.681,-102.198,-103.478,-102.565,-102.088,-100.144,-101.353,-99.986,-101.320,-103.283,-101.679,-101.541,-99.577,-101.232,-101.236,-100.429,-102.116,-102.137,-102.806,-101.643,-99.284,-104.185,-102.693,-100.515,-101.965,-101.873,-101.867,-100.926,-101.771,-106.228,-100.908,-102.869,-101.219,-100.614,-99.929,-101.679,-101.878,-104.291,-101.597,-101.604,-100.899,-101.344,-103.103,-100.489,-101.317,-102.645,-102.244,-99.244,-100.908,-100.944,-99.341,-103.007,-100.381,-101.341,-99.837,-101.451,-102.495,-101.092
123.440,139.520,-101.411,-102.673,-103.437,-101.952,-101.006,-101.651,-99.693,-103.793,-102.218,-103.647,-100.315,-102.436,-97.946,-102.151,-100.679,-100.363,-101.146,-103.234,-101.836,-100.710,-100.118,-102.401,-101.070,-103.002,-102.977,-101.247,-102.709,-102.799,-100.913,-102.305,-102.060,-102.599,-98.308,-101.708,-101.220,-102.033,-101.779,-105.059,-100.479,-101.015,-102.232,-102.236,-101.282,-102.922,-101.899,-102.191,-100.233,-101.730,-102.053,-99.633,-98.317,-102.167,-101.440,-101.692,-102.268,-101.222,-102.138,-100.134,-101.220,-101.966,-100.947,-102.556,-101.609,-100.286,-102.200,-102.004,-102.031,-103.058,-101.920,-99.153,-100.127,-98.847,-100.924,-100.454,-100.766,-102.224,-101.274,-99.244,-101.362,-98.660,-103.054,-99.588,-101.680,-103.742,-102.557,-101.355,-103.718,-100.978,-100.583,-101.205,-101.872,-102.724,-103.474,-103.305,-103.381,-100.194,-98.290,-102.707,-102.512,-102.711,-98.629
205.000,139.520,-101.316,-100.835,-101.983,-101.220,-104.303,-101.834,-101.249,-99.980,-103.788,-100.994,-99.349,-100.148,-101.152,-102.176,-100.856,-101.321,-101.939,-104.697,-101.591,-101.766,-101.794,-101.783,-100.853,-103.570,-101.116,-99.662,-103.120,-102.068,-102.655,-102.818,-101.631,-100.738,-101.666,-103.158,-100.527,-102.020,-103.149,-102.627,-102.506,-101.940,-98.402,-101.271,-99.508,-100.645,-101.024,-101.313,-102.947,-102.208,-99.831,-101.759,-101.292,-102.657,-101.778,-101.988,-100.954,-101.064,-101.033,-103.484,-101.316,-103.036,-100.854,-100.855,-100.872,-102.820,-101.791,-101.587,-102.912,-101.259,-101.239,-101.758,-100.091,-99.892,-102.041,-103.774,-100.522,-104.345,-99.164,-100.978,-99.816,-101.140,-98.772,-102.514,-102.093,-103.385,-102.370,-100.605,-98.719,-101.947,-101.772,-101.398,-102.262,-101.824,-100.931,-101.959,-103.066,-101.642,-99.759,-102.305,-103.297,-99.896,-103.047
143.830,96.190,-101.100,-102.343,-100.542,-100.621,-101.387,-99.020,-101.881,-101.496,-102.492,-100.920,-101.667,-102.188,-99.878,-102.110,-100.911,-102.320,-102.435,-99.668,-103.091,-103.194,-100.698,-101.008,-101.235,-102.598,-100.735,-103.138,-99.079,-100.444,-100.634,-102.542,-103.179,-103.007,-102.413,-102.187,-101.681,-101.025,-102.378,-98.547,-102.744,-101.088,-101.738,-102.302,-98.791,-99.417,-100.430,-101.391,-100.769,-101.914,-100.270,-101.759,-100.739,-101.473,-102.366,-103.189,-98.655,-101.112,-102.072,-98.774,-103.035,-100.683,-104.416,-100.576,-103.522,-104.254,-101.085,-101.996,-99.133,-101.906,-104.065,-99.597,-102.887,-103.068,-100.979,-100.338,-100.200,-99.455,-104.256,-102.208,-101.344,-101.174,-98.458,-102.997,-98.808,-101.131,-100.933,-102.658,-102.116,-99.689,-101.958,-100.795,-101.948,-98.518,-102.487,-102.645,-101.604,-102.683,-102.200,-100.851,-100.679,-101.866,-102.033
317.150,134.420,-100.166,-99.345,-101.360,-103.864,-99.025,-102.472,-103.191,-103.108,-100.704,-102.657,-100.812,-98.015,-101.867,-100.308,-99.814,-100.924,-102.698,-101.384,-101.064,-102.986,-100.910,-103.271,-100.854,-102.622,-103.034,-102.463,-102.935,-103.441,-101.395,-103.833,-102.267,-100.780,-98.604,-103.029,-100.454,-98.738,-101.461,-102.820,-102.795,-104.054,-100.034,-102.068,-102.422,-101.973,-101.098,-101.501,-102.043,-100.230,-100.035,-100.094,-98.149,-101.384,-100.503,-100.783,-102.195,-101.254,-101.961,-101.710,-102.996,-102.670,-101.176,-103.439,-101.433,-101.667,-102.969,-102.324,-100.001,-99.082,-99.423,-101.775,-99.456,-100.482,-101.614,-102.201,-101.829,-100.420,-100.208,-103.052,-100.788,-103.516,-101.077,-99.071,-103.630,-101.094,-99.951,-101.294,-101.112,-102.091,-100.860,-101.943,-99.186,-100.475,-102.340,-100.219,-103.472,-100.326,-102.125,-101.640,-104.528,-98.685,-102.505
296.760,139.520,-101.040,-102.419,-99.623,-102.767,-100.118,-103.512,-101.967,-102.224,-101.221,-99.952,-102.707,-102.585,-100.909,-101.201,-102.847,-104.590,-102.014,-101.680,-102.267,-101.319,-101.256,-100.727,-101.858,-101.107,-101.849,-105.965,-101.404,-101.025,-99.982,-99.993,-99.761,-102.812,-101.198,-100.800,-102.554,-101.110,-102.641,-101.299,-101.282,-101.041,-99.749,-98.934,-102.179,-99.812,-102.568,-100.315,-104.447,-101.543,-101.972,-101.834,-101.457,-102.208,-102.683,-100.865,-99.431,-100.999,-99.532,-99.705,-102.254,-101.538,-102.382,-101.699,-103.599,-102.483,-101.011,-101.135,-104.418,-100.393,-103.858,-100.122,-102.287,-96.858,-101.000,-102.291,-102.791,-100.714,-102.220,-102.251,-103.097,-98.865,-103.239,-99.735,-100.801,-100.090,-100.599,-103.007,-97.558,-102.419,-98.486,-99.743,-103.694,-102.369,-101.509,-101.516,-101.626,-102.075,-103.204,-102.728,-103.525,-103.597,-102.256
255.980,139.520,-101.044,-102.461,-99.983,-101.461,-101.508,-101.547,-98.987,-101.938,-102.259,-100.623,-100.092,-100.423,-103.646,-101.280,-101.509,-102.365,-101.618,-98.636,-99.195,-98.637,-99.558,-98.257,-98.545,-101.131,-100.060,-101.038,-98.666,-103.084,-99.640,-100.589,-100.402,-101.039,-101.066,-100.975,-101.083,-100.668,-102.877,-103.192,-104.764,-99.734,-100.205,-101.916,-99.954,-100.203,-101.439,-100.008,-102.955,-99.236,-100.802,-103.220,-100.664,-99.461,-101.471,-102.054,-101.920,-99.844,-101.082,-102.404,-101.377,-103.159,-102.303,-99.744,-101.193,-101.536,-102.086,-101.361,-101.390,-103.723,-102.734,-102.459,-99.097,-101.448,-99.869,-99.553,-99.889,-101.049,-99.621,-100.361,-101.142,-97.852,-102.672,-101.972,-102.194,-100.889,-99.830,-101.331,-101.627,-99.203,-101.613,-98.178,-98.045,-103.799,-100.723,-101.128,-102.284,-100.847,-100.765,-100.998,-102.693,-101.769,-97.000
143.830,139.520,-104.263,-103.194,-102.045,-102.653,-101.439,-102.369,-102.576,-100.852,-102.396,-101.743,-101.430,-101.771,-104.510,-102.302,-102.878,-101.514,-101.790,-102.505,-102.162,-100.704,-103.346,-101.083,-103.604,-99.222,-103.952,-102.844,-100.667,-100.177,-101.715,-101.479,-101.538,-101.006,-102.681,-101.510,-99.749,-100.387,-100.653,-101.939,-99.479,-101.649,-101.664,-101.289,-101.891,-101.288,-101.974,-101.225,-102.560,-99.883,-102.690,-101.559,-102.579,-100.677,-100.508,-102.085,-101.929,-100.879,-101.671,-100.472,-100.665,-100.739,-102.896,-102.203,-100.630,-103.007,-100.137,-100.380,-100.524,-100.971,-101.523,-103.702,-99.739,-101.001,-99.811,-102.400,-100.214,-100.017,-100.017,-101.380,-102.940,-103.601,-103.620,-98.328,-101.667,-100.592,-102.221,-102.549,-99.628,-103.517,-100.428,-99.754,-101.298,-100.039,-100.584,-98.956,-100.962,-101.938,-100.210,-100.996,-100.831,-100.900,-99.243
317.150,106.390,-99.413,-100.508,-100.593,-101.332,-100.981,-101.425,-102.243,-104.358,-102.887,-99.655,-100.790,-100.567,-102.386,-101.728,-101.934,-102.665,-102.362,-102.848,-99.130,-101.187,-101.613,-99.792,-103.023,-101.503,-102.704,-102.471,-99.340,-102.565,-99.324,-99.441,-101.116,-101.857,-99.890,-103.503,-100.942,-101.332,-101.701,-102.494,-101.533,-100.239,-102.745,-102.947,-102.623,-102.105,-100.868,-101.701,-102.885,-103.920,-103.079,-101.977,-102.402,-101.287,-100.010,-102.430,-101.229,-99.826,-101.189,-102.516,-100.362,-100.039,-103.775,-103.518,-105.439,-101.346,-101.588,-100.037,-99.396,-99.422,-97.503,-99.864,-100.805,-100.688,-103.458,-101.342,-99.844,-101.959,-101.813,-103.047,-103.521,-102.748,-101.511,-102.035,-101.402,-102.214,-100.578,-102.252,-100.674,-103.067,-102.511,-100.134,-101.142,-101.186,-101.910,-102.700,-101.435,-103.489,-103.838,-103.356,-101.389,-102.110,-102.714
306.950,136.970,-103.079,-102.370,-101.960,-99.254,-100.615,-98.942,-101.458,-102.436,-101.217,-101.569,-100.075,-100.996,-101.753,-103.421,-101.869,-102.352,-103.182,-103.740,-103.284,-102.715,-101.431,-101.276,-101.186,-103.200,-102.881,-102.044,-100.094,-100.901,-101.668,-102.367,-100.554,-102.140,-100.449,-99.434,-101.484,-99.863,-102.637,-100.526,-101.389,-102.973,-102.238,-102.266,-103.563,-102.085,-99.092,-102.238,-99.380,-99.612,-102.605,-101.062,-101.574,-101.597,-99.585,-103.800,-99.157,-100.302,-101.560,-100.402,-97.090,-99.899,-101.634,-98.888,-102.882,-100.973,-101.025,-99.616,-101.594,-103.541,-98.969,-100.280,-101.854,-100.518,-102.493,-102.228,-102.638,-100.380,-99.048,-101.664,-101.801,-102.126,-103.601,-101.094,-101.882,-101.803,-102.605,-103.251,-100.487,-103.532,-99.834,-102.931,-98.838,-101.496,-100.964,-103.262,-104.032,-100.375,-102.384,-101.393,-102.007,-102.169,-98.250
235.580,139.520,-101.235,-100.260,-103.075,-100.698,-98.186,-102.973,-102.219,-103.638,-101.378,-101.168,-100.453,-101.002,-101.928,-103.076,-103.521,-100.674,-101.424,-102.714,-100.446,-100.347,-101.258,-100.385,-103.596,-100.654,-102.844,-102.682,-100.620,-100.563,-102.914,-102.451,-103.087,-101.584,-102.154,-102.409,-102.294,-101.402,-102.308,-102.663,-101.892,-101.116,-101.560,-101.520,-101.153,-103.225,-101.473,-98.635,-102.042,-100.903,-100.539,-100.684,-97.719,-101.233,-100.371,-101.480,-101.564,-104.242,-103.834,-99.732,-101.869,-100.999,-101.069,-100.596,-100.606,-102.136,-101.593,-99.560,-103.651,-99.943,-102.331,-102.203,-102.875,-100.749,-101.857,-101.570,-100.536,-102.094,-100.238,-103.203,-101.364,-102.499,-99.902,-98.172,-100.599,-100.930,-100.829,-103.338,-101.212,-103.239,-103.147,-99.943,-101.499,-101.738,-102.172,-105.093,-103.706,-100.099,-102.050,-101.269,-101.334,-102.719,-103.434
306.950,93.640,-101.180,-100.515,-101.150,-102.404,-100.250,-104.092,-102.170,-99.526,-101.849,-103.338,-99.800,-99.986,-100.948,-101.913,-101.818,-101.807,-103.575,-101.598,-101.154,-98.314,-104.019,-100.524,-101.913,-100.983,-102.517,-100.917,-101.271,-101.513,-101.509,-102.533,-100.149,-102.323,-98.164,-101.890,-100.074,-100.122,-100.091,-100.043,-100.783,-102.133,-102.181,-100.703,-101.656,-102.392,-101.534,-101.900,-101.093,-102.664,-99.977,-101.406,-101.984,-101.943,-102.634,-100.120,-100.603,-102.197,-100.618,-102.661,-102.182,-102.535,-101.917,-102.773,-100.513,-97.539,-100.474,-101.493,-100.298,-102.704,-103.533,-99.994,-103.526,-101.176,-101.176,-101.603,-103.273,-100.283,-100.582,-100.781,-100.869,-100.193,-100.575,-102.090,-102.898,-102.708,-102.779,-102.796,-102.202,-99.865,-102.163,-100.294,-100.752,-100.172,-100.183,-100.737,-103.513,-101.926,-103.002,-101.798,-102.641,-103.960,-101.493
184.610,139.520,-99.290,-100.166,-99.262,-102.774,-102.578,-103.135,-101.399,-102.436,-102.286,-100.508,-102.897,-101.262,-101.792,-100.470,-100.791,-103.554,-100.323,-100.375,-101.302,-99.577,-100.957,-101.398,-103.669,-102.861,-101.490,-102.972,-98.795,-100.619,-99.668,-99.887,-101.955,-101.971,-101.657,-102.701,-100.776,-101.266,-103.282,-99.464,-103.216,-102.771,-102.733,-103.503,-100.516,-102.945,-100.980,-102.234,-102.624,-101.666,-103.484,-101.966,-99.032,-103.287,-101.105,-100.406,-100.658,-101.166,-102.278,-102.734,-101.403,-101.272,-101.176,-102.888,-103.440,-100.588,-99.485,-103.647,-101.483,-101.328,-100.045,-102.643,-100.752,-102.262,-103.821,-101.335,-100.399,-102.001,-101.943,-102.393,-102.705,-101.940,-103.878,-100.233,-101.105,-100.388,-100.995,-101.092,-100.132,-101.142,-101.820,-100.897,-100.896,-101.924,-102.604,-98.894,-101.161,-101.372,-99.390,-102.600,-102.867,-100.295,-101.904
306.950,114.030,-100.331,-101.207,-103.236,-102.864,-98.105,-103.026,-103.412,-102.203,-102.147,-98.156,-101.736,-101.010,-99.317,-103.121,-102.109,-99.787,-98.763,-100.125,-99.925,-101.849,-100.699,-101.073,-101.177,-99.939,-102.018,-102.762,-103.902,-101.809,-99.922,-103.182,-100.036,-102.338,-103.872,-99.771,-100.447,-105.304,-100.160,-101.518,-98.447,-101.425,-104.256,-100.738,-101.250,-101.296,-99.979,-99.979,-98.947,-102.718,-100.610,-101.380,-101.599,-102.843,-102.096,-100.033,-100.620,-100.622,-101.698,-103.953,-102.211,-100.276,-102.133,-99.241,-101.934,-99.270,-101.563,-100.801,-102.241,-100.479,-100.896,-99.965,-99.556,-102.509,-99.124,-101.166,-102.545,-100.158,-102.952,-102.211,-102.944,-100.055,-100.576,-100.665,-102.364,-101.497,-101.708,-104.170,-103.383,-101.897,-101.476,-100.332,-100.871,-101.872,-100.237,-104.517,-100.059,-100.179,-102.221,-103.492,-99.937,-99.389,-101.528
143.830,108.940,-103.378,-101.176,-103.012,-101.780,-100.792,-101.482,-100.880,-101.228,-102.243,-99.645,-101.876,-103.625,-102.473,-99.713,-102.618,-103.392,-101.640,-101.719,-100.760,-100.895,-101.322,-102.667,-99.856,-99.846,-100.593,-101.839,-102.111,-100.968,-102.085,-101.149,-100.159,-103.350,-100.733,-101.368,-100.307,-100.454,-102.079,-100.467,-100.444,-100.513,-100.324,-102.666,-101.297,-102.090,-102.336,-102.492,-98.747,-100.018,-100.314,-102.853,-97.981,-101.130,-101.911,-101.799,-101.926,-102.601,-102.511,-101.541,-98.590,-104.503,-101.088,-101.877,-102.513,-101.426,-101.202,-100.381,-102.598,-101.775,-102.535,-100.689,-100.891,-101.531,-99.204,-102.183,-100.340,-102.721,-101.142,-101.678,-100.801,-102.925,-100.485,-103.581,-99.862,-102.310,-101.765,-101.761,-103.624,-100.436,-101.947,-101.049,-100.765,-98.008,-102.505,-99.759,-102.725,-101.073,-102.521,-103.070,-101.086,-98.551,-103.620
164.220,139.520,-99.976,-99.680,-104.309,-98.860,-100.317,-100.819,-101.833,-102.645,-102.787,-102.800,-99.969,-101.190,-102.136,-100.505,-100.347,-102.287,-102.486,-102.215,-101.356,-98.886,-101.776,-101.395,-102.656,-101.946,-101.350,-99.360,-99.885,-102.689,-102.887,-99.904,-103.014,-99.695,-101.396,-101.929,-101.003,-99.210,-100.744,-99.071,-102.412,-102.277,-103.542,-102.214,-103.410,-100.789,-102.177,-99.352,-101.456,-99.794,-102.229,-103.629,-102.401,-102.976,-101.770,-102.535,-100.764,-102.804,-101.318,-102.205,-100.222,-102.190,-103.532,-103.896,-101.309,-99.557,-99.109,-101.057,-100.476,-102.744,-102.668,-103.831,-103.828,-100.681,-102.296,-101.900,-101.185,-99.722,-102.564,-102.254,-101.646,-101.649,-103.874,-102.978,-101.561,-101.672,-103.021,-103.113,-100.899,-102.481,-99.330,-102.621,-103.702,-103.194,-101.152,-101.680,-100.124,-102.054,-102.269,-100.762,-103.309,-101.616,-101.552
225.390,126.770,-100.074,-101.400,-102.355,-101.272,-101.472,-99.382,-101.348,-102.890,-103.752,-100.541,-100.973,-99.989,-101.103,-101.349,-102.131,-100.931,-101.034,-102.105,-102.468,-103.337,-100.637,-101.773,-101.772,-101.266,-101.325,-100.999,-99.109,-99.433,-103.895,-98.650,-99.395,-101.818,-104.898,-99.544,-102.010,-101.330,-101.963,-101.858,-101.148,-102.415,-102.394,-103.940,-98.438,-101.215,-99.358,-101.742,-101.805,-100.047,-101.548,-101.959,-99.569,-102.128,-102.092,-99.039,-100.731,-99.532,-102.471,-100.570,-103.626,-101.287,-101.142,-100.788,-99.864,-101.064,-102.501,-102.670,-100.301,-103.192,-100.990,-100.483,-101.730,-102.520,-103.316,-100.680,-102.832,-102.592,-106.332,-101.218,-100.160,-101.110,-102.542,-100.887,-102.423,-100.828,-100.689,-100.825,-100.312,-100.781,-101.399,-102.965,-102.489,-101.230,-103.012,-100.302,-102.980,-103.930,-103.121,-101.750,-100.044,-100.290,-100.232
317.150,96.190,-102.524,-101.071,-100.512,-101.847,-101.966,-103.703,-102.144,-103.500,-101.393,-99.339,-101.348,-100.307,-100.469,-101.262,-101.164,-100.693,-102.522,-101.385,-101.520,-105.100,-100.103,-103.860,-104.119,-101.598,-101.031,-102.525,-101.475,-103.636,-100.394,-100.112,-101.742,-99.314,-99.466,-102.690,-102.470,-101.183,-101.239,-102.787,-102.542,-100.420,-103.499,-103.182,-100.833,-101.453,-100.326,-104.280,-101.915,-103.358,-103.183,-102.270,-98.977,-99.911,-99.739,-101.154,-100.161,-98.155,-101.154,-101.746,-101.284,-100.667,-100.921,-101.851,-102.021,-103.197,-104.276,-102.972,-101.499,-101.072,-100.386,-101.282,-103.784,-103.432,-101.496,-103.144,-101.875,-101.077,-102.203,-104.091,-100.711,-101.828,-101.497,-102.993,-102.982,-101.529,-103.152,-102.358,-104.505,-101.974,-101.781,-100.795,-100.675,-105.115,-101.426,-100.047,-100.391,-102.635,-99.868,-102.760,-104.261,-101.570,-103.073
266.170,91.100,-100.021,-100.581,-100.853,-99.974,-100.694,-98.353,-101.071,-101.592,-103.129,-99.968,-100.625,-102.733,-99.644,-100.969,-98.607,-102.715,-98.173,-103.168,-101.199,-100.739,-101.282,-101.285,-101.584,-101.053,-100.868,-99.682,-101.707,-102.867,-99.187,-102.236,-101.453,-103.316,-101.130,-103.564,-101.574,-99.831,-103.940,-101.856,-100.915,-101.535,-103.708,-100.724,-99.000,-101.407,-100.100,-101.889,-101.453,-103.282,-100.505,-101.075,-102.072,-102.326,-101.810,-101.595,-102.114,-99.694,-101.422,-99.725,-100.417,-102.824,-99.078,-101.488,-101.665,-103.323,-101.033,-101.172,-101.707,-100.110,-101.422,-100.091,-102.836,-104.284,-100.960,-100.658,-99.950,-101.863,-103.560,-103.530,-103.251,-103.299,-100.993,-103.619,-100.525,-101.024,-102.417,-100.428,-98.580,-100.224,-102.036,-99.894,-105.043,-99.805,-103.563,-105.035,-99.618,-100.428,-101.430,-102.495,-103.250,-102.904,-102.262
266.170,108.940,-101.281,-98.797,-102.629,-101.517,-99.114,-99.362,-101.153,-99.890,-102.475,-101.213,-100.786,-101.938,-98.731,-103.009,-101.519,-101.506,-102.114,-101.630,-101.211,-100.410,-100.186,-101.925,-101.632,-100.737,-102.419,-102.478,-100.599,-101.128,-100.956,-100.261,-101.035,-102.560,-100.429,-101.317,-103.351,-103.219,-101.818,-101.489,-99.745,-102.026,-100.174,-102.463,-103.812,-101.419,-101.656,-101.998,-101.677,-98.737,-101.313,-102.044,-99.836,-102.121,-99.789,-101.890,-103.091,-102.486,-101.319,-102.067,-99.792,-101.899,-98.626,-99.705,-100.831,-100.622,-98.745,-103.023,-101.105,-101.198,-100.843,-103.077,-103.889,-99.546,-101.300,-101.256,-99.728,-102.633,-97.419,-99.424,-100.697,-102.266,-101.955,-103.514,-102.808,-101.927,-101.454,-98.003,-99.031,-99.636,-102.835,-102.024,-101.919,-100.572,-98.869,-102.620,-101.650,-103.515,-102.904,-102.487,-102.117,-98.682,-101.960
184.610,91.100,-100.929,-100.048,-101.448,-101.368,-102.666,-101.124,-100.431,-101.529,-99.311,-102.086,-99.297,-102.292,-101.407,-103.059,-101.601,-101.190,-101.670,-101.190,-101.197,-104.577,-99.532,-102.123,-102.897,-102.234,-100.275,-100.837,-101.001,-102.082,-102.535,-102.771,-101.128,-99.192,-101.522,-102.536,-102.301,-101.170,-101.930,-100.424,-103.192,-100.632,-100.439,-102.267,-101.481,-102.145,-102.379,-100.186,-101.807,-101.473,-103.087,-100.892,-101.784,-99.847,-101.416,-102.478,-102.393,-103.931,-101.666,-100.544,-102.061,-102.753,-102.368,-101.656,-102.700,-99.950,-100.095,-101.150,-103.299,-99.809,-100.035,-100.049,-99.441,-101.911,-102.789,-103.099,-103.498,-99.904,-104.066,-99.183,-103.674,-103.333,-102.088,-101.673,-100.176,-101.556,-102.706,-101.263,-100.470,-101.306,-102.214,-101.749,-98.260,-102.044,-102.338,-98.737,-100.080,-101.656,-102.418,-101.255,-101.103,-102.448,-101.885
286.560,136.970,-101.410,-101.286,-99.292,-101.862,-101.078,-104.236,-100.527,-100.807,-101.210,-101.632,-101.090,-103.449,-101.685,-101.731,-102.091,-101.881,-101.691,-101.239,-99.894,-101.779,-100.027,-104.522,-103.495,-101.021,-103.225,-101.710,-102.988,-98.724,-100.880,-100.522,-101.213,-101.464,-101.861,-101.788,-103.099,-101.886,-100.651,-102.256,-103.306,-102.382,-100.759,-100.910,-99.367,-100.726,-100.863,-102.318,-101.199,-99.500,-99.581,-102.155,-102.787,-99.947,-100.873,-103.899,-99.415,-104.103,-101.438,-102.534,-98.792,-100.205,-100.921,-103.687,-102.565,-103.006,-101.945,-101.654,-101.939,-101.537,-101.993,-100.746,-102.422,-101.315,-98.757,-100.357,-98.642,-104.185,-100.887,-100.980,-100.894,-101.490,-102.953,-99.869,-102.305,-101.073,-100.857,-101.655,-98.507,-102.242,-100.747,-104.351,-102.644,-103.168,-102.158,-99.489,-101.442,-101.455,-101.522,-101.727,-101.534,-100.256,-101.038
266.170,134.420,-100.989,-100.724,-102.638,-101.530,-101.629,-102.155,-102.642,-101.328,-102.440,-97.788,-105.088,-102.467,-101.406,-101.617,-99.797,-101.516,-102.888,-103.447,-103.061,-101.028,-101.099,-103.424,-101.120,-101.140,-101.815,-101.168,-101.435,-102.248,-104.325,-100.717,-99.624,-102.704,-99.676,-101.967,-100.889,-103.105,-102.867,-100.864,-102.148,-100.903,-102.530,-101.821,-101.726,-103.039,-100.716,-99.737,-100.151,-101.028,-99.699,-100.160,-98.351,-100.150,-102.511,-102.625,-101.418,-101.689,-102.147,-100.953,-99.898,-101.106,-102.650,-102.066,-102.200,-98.760,-100.093,-102.921,-99.460,-102.028,-99.917,-101.079,-103.045,-101.052,-102.380,-102.690,-100.836,-99.349,-100.875,-100.054,-101.195,-99.440,-100.625,-101.961,-102.114,-101.776,-100.397,-100.571,-101.634,-103.536,-102.707,-100.632,-106.286,-103.399,-101.424,-99.959,-103.662,-100.606,-102.202,-102.495,-101.045,-101.002,-101.905
296.760,131.870,-101.328,-101.386,-101.935,-102.408,-102.824,-99.506,-100.965,-103.012,-103.110,-102.074,-103.191,-100.447,-100.608,-100.982,-103.695,-102.815,-100.373,-100.331,-101.383,-102.349,-101.437,-98.841,-101.692,-101.038,-103.458,-101.259,-100.294,-103.963,-100.767,-101.208,-98.421,-101.037,-104.787,-104.256,-100.753,-101.364,-102.030,-102.185,-99.853,-102.269,-100.783,-102.119,-100.924,-99.685,-102.092,-99.343,-101.388,-100.969,-102.399,-102.228,-101.475,-100.648,-99.706,-101.472,-101.195,-103.500,-101.088,-100.666,-102.120,-100.963,-103.551,-103.211,-103.080,-101.147,-102.626,-102.953,-102.584,-101.636,-101.364,-101.967,-99.705,-102.127,-98.932,-102.951,-100.318,-99.717,-101.080,-100.175,-103.722,-104.110,-101.403,-100.951,-99.010,-100.228,-101.500,-102.540,-101.955,-102.263,-100.889,-105.443,-101.355,-100.858,-102.227,-102.217,-100.737,-102.808,-101.254,-100.850,-99.744,-99.366,-101.738
276.370,121.680,-101.118,-101.947,-98.114,-100.938,-101.639,-100.061,-100.461,-100.679,-98.098,-102.444,-102.665,-98.731,-102.072,-98.485,-101.535,-101.238,-100.861,-102.168,-101.222,-102.554,-100.235,-101.207,-103.420,-100.214,-104.265,-102.318,-99.363,-102.030,-99.578,-100.502,-101.878,-102.189,-101.905,-102.571,-101.423,-101.771,-102.323,-100.753,-100.238,-99.894,-100.721,-100.541,-103.961,-100.764,-102.766,-101.450,-101.425,-100.352,-100.243,-103.021,-100.240,-101.275,-104.314,-104.125,-102.310,-102.639,-101.028,-100.796,-101.117,-102.217,-100.830,-100.759,-101.922,-102.387,-102.205,-101.188,-101.291,-101.714,-101.822,-103.848,-101.406,-102.435,-102.797,-102.511,-99.412,-100.433,-99.193,-102.486,-100.844,-102.557,-101.935,-100.532,-98.309,-101.236,-102.756,-100.204,-102.493,-102.101,-101.877,-103.946,-102.335,-100.958,-102.280,-103.105,-101.691,-100.971,-101.639,-103.053,-97.465,-99.953,-102.119
255.980,98.740,-101.554,-105.217,-101.280,-102.367,-99.525,-101.564,-102.377,-102.242,-102.540,-101.368,-101.389,-99.482,-102.251,-101.000,-100.911,-102.537,-102.884,-99.536,-103.886,-103.702,-102.072,-101.929,-98.337,-101.130,-102.002,-100.182,-100.488,-101.958,-101.701,-101.829,-100.728,-100.769,-99.320,-101.573,-103.466,-102.629,-101.238,-101.881,-100.466,-100.793,-100.132,-101.818,-103.369,-102.444,-101.452,-100.197,-100.569,-102.635,-102.888,-104.210,-101.716,-101.218,-102.753,-100.302,-99.752,-100.206,-103.222,-98.650,-101.315,-101.705,-103.869,-100.894,-99.617,-100.270,-101.080,-99.778,-99.415,-99.416,-103.279,-100.943,-101.270,-100.486,-102.165,-99.224,-101.864,-102.445,-103.235,-103.192,-102.498,-101.558,-103.986,-101.137,-101.478,-100.715,-101.821,-104.395,-104.900,-100.724,-103.005,-102.522,-101.608,-100.704,-100.796,-101.154,-101.004,-103.155,-98.403,-99.079,-101.928,-103.141,-97.864
306.950,124.230,-101.096,-101.227,-101.951,-105.163,-97.401,-101.767,-100.672,-103.657,-103.544,-103.234,-102.833,-102.451,-99.653,-103.066,-100.062,-100.850,-101.519,-100.962,-100.369,-101.539,-101.567,-101.419,-102.167,-104.117,-101.689,-100.205,-99.280,-101.269,-100.325,-100.070,-101.952,-100.903,-101.377,-102.808,-103.321,-103.040,-102.240,-103.060,-102.093,-103.797,-102.793,-100.856,-100.596,-100.352,-101.027,-99.278,-101.474,-100.238,-101.949,-101.876,-99.320,-100.659,-101.656,-100.259,-101.099,-103.337,-102.095,-104.642,-101.054,-99.891,-101.182,-100.989,-99.606,-101.448,-99.654,-100.559,-102.769,-100.078,-100.028,-103.013,-102.739,-100.258,-100.464,-104.211,-102.538,-103.255,-100.565,-100.283,-104.988,-102.083,-100.695,-100.445,-100.673,-100.373,-99.796,-100.887,-98.227,-99.734,-103.549,-102.884,-104.340,-102.091,-100.805,-100.519,-104.266,-102.192,-101.405,-100.412,-102.310,-102.365,-101.790
235.580,116.580,-102.124,-101.458,-102.829,-103.205,-99.730,-102.080,-101.608,-102.407,-103.503,-97.879,-101.463,-101.452,-102.418,-100.557,-101.426,-102.503,-102.681,-101.281,-99.865,-99.853,-101.074,-101.394,-103.172,-98.998,-100.892,-102.488,-101.240,-102.310,-102.191,-101.813,-101.529,-100.520,-101.183,-102.956,-102.616,-102.940,-101.563,-102.551,-99.121,-99.780,-102.177,-103.335,-103.100,-102.311,-99.753,-102.317,-102.070,-101.299,-101.660,-101.448,-102.267,-105.128,-102.273,-101.848,-100.292,-101.860,-101.128,-102.036,-102.321,-103.103,-102.711,-101.154,-101.604,-99.981,-100.695,-102.544,-100.672,-102.122,-102.018,-101.654,-102.121,-97.962,-101.005,-99.841,-101.574,-100.637,-99.148,-98.753,-100.718,-100.081,-98.744,-102.504,-101.094,-101.228,-102.037,-102.870,-102.673,-100.543,-103.070,-102.593,-102.729,-100.768,-102.843,-102.438,-102.719,-101.271,-104.871,-104.842,-100.754,-100.714,-102.619
225.390,98.740,-101.850,-100.664,-100.716,-102.815,-101.242,-100.757,-102.475,-100.849,-101.150,-99.016,-100.841,-101.314,-102.161,-101.218,-101.111,-102.669,-102.155,-101.807,-102.462,-100.855,-100.152,-99.842,-102.867,-100.896,-101.697,-101.050,-103.448,-102.042,-102.334,-102.246,-103.451,-102.803,-100.585,-101.967,-102.415,-101.099,-101.259,-99.668,-99.624,-98.832,-101.456,-104.257,-102.160,-100.874,-101.626,-98.406,-101.866,-101.042,-104.098,-100.802,-102.236,-102.328,-101.722,-102.690,-102.881,-102.285,-99.165,-102.261,-100.073,-104.657,-101.903,-102.167,-101.450,-103.006,-102.652,-102.779,-99.438,-100.632,-101.530,-104.172,-103.276,-100.417,-102.750,-103.879,-100.707,-99.363,-101.373,-101.090,-102.385,-103.831,-103.771,-102.423,-103.575,-101.066,-101.640,-101.640,-98.844,-100.636,-99.762,-101.731,-102.100,-101.982,-99.749,-100.897,-100.904,-100.415,-103.711,-100.080,-101.969,-100.771,-102.750
184.610,103.840,-102.281,-101.449,-100.899,-103.550,-101.615,-102.076,-102.170,-102.495,-100.241,-103.609,-101.532,-101.705,-104.170,-101.229,-102.512,-101.207,-102.779,-101.357,-100.914,-101.711,-102.062,-103.097,-100.989,-98.954,-101.160,-101.685,-99.994,-104.150,-100.062,-100.905,-101.767,-101.887,-101.624,-102.161,-103.271,-102.323,-101.233,-101.732,-100.587,-102.461,-99.797,-101.996,-102.322,-98.850,-103.836,-103.912,-101.523,-102.318,-102.892,-102.042,-103.004,-103.079,-100.762,-101.488,-100.376,-103.324,-101.990,-102.943,-99.669,-103.128,-102.544,-103.165,-100.481,-99.363,-101.048,-100.864,-103.129,-102.920,-103.064,-101.359,-101.704,-100.940,-100.226,-101.500,-100.489,-102.722,-101.887,-102.771,-102.678,-103.026,-101.931,-101.084,-102.210,-100.890,-102.301,-102.780,-100.088,-100.363,-100.466,-99.825,-99.315,-103.239,-101.035,-100.333,-100.860,-99.396,-101.318,-101.263,-99.292,-99.998,-102.334
276.370,131.870,-101.287,-100.923,-99.910,-102.965,-99.509,-99.891,-100.521,-103.688,-100.370,-101.911,-102.039,-100.139,-100.094,-100.117,-101.572,-102.747,-101.960,-102.208,-102.399,-100.936,-100.823,-105.160,-101.452,-102.057,-103.179,-99.752,-99.292,-101.694,-100.661,-100.572,-103.782,-98.800,-100.516,-103.264,-99.320,-102.703,-104.494,-102.744,-102.696,-100.616,-102.986,-99.010,-103.356,-101.966,-101.147,-100.680,-103.353,-100.483,-101.775,-103.607,-98.717,-100.907,-101.844,-100.221,-100.026,-102.661,-99.764,-102.187,-102.997,-102.215,-101.705,-103.490,-100.489,-103.154,-101.803,-101.609,-103.057,-104.825,-97.819,-101.659,-103.606,-102.139,-100.432,-99.836,-101.834,-101.025,-101.893,-101.069,-102.614,-103.739,-102.448,-101.151,-102.092,-99.893,-100.255,-101.148,-101.870,-105.044,-100.459,-100.516,-101.698,-103.488,-100.843,-102.570,-103.304,-100.520,-103.432,-98.908,-103.189,-102.400,-101.860
276.370,114.030,-102.062,-100.096,-100.620,-100.828,-102.962,-100.773,-103.095,-103.715,-100.545,-102.173,-103.426,-101.954,-100.843,-100.413,-99.798,-104.462,-97.623,-101.256,-102.084,-101.433,-102.374,-99.443,-104.015,-101.860,-101.574,-101.503,-100.094,-98.513,-102.841,-101.859,-100.980,-100.329,-100.959,-99.946,-102.224,-101.139,-103.103,-98.998,-101.260,-101.896,-102.815,-103.132,-101.506,-100.630,-102.902,-100.956,-99.624,-103.147,-104.584,-102.428,-101.470,-100.301,-102.408,-103.125,-102.006,-102.937,-99.656,-100.522,-100.711,-100.083,-100.507,-101.861,-101.637,-103.083,-101.516,-99.682,-102.096,-100.613,-101.619,-102.054,-100.976,-103.739,-100.659,-102.480,-100.919,-102.567,-104.762,-102.838,-103.825,-101.364,-104.140,-100.565,-101.203,-100.537,-102.536,-103.219,-102.568,-99.586,-102.658,-101.616,-102.152,-101.228,-100.998,-101.839,-102.569,-100.436,-102.373,-100.386,-98.951,-102.741,-102.705
276.370,98.740,-103.627,-102.763,-102.989,-101.054,-100.430,-100.234,-100.810,-101.232,-100.799,-103.151,-101.604,-101.175,-99.343,-101.436,-99.484,-100.236,-102.168,-103.847,-101.927,-102.916,-101.768,-102.729,-100.940,-104.141,-102.352,-101.495,-99.942,-99.490,-101.172,-101.849,-101.084,-102.599,-101.939,-100.955,-100.254,-99.880,-103.233,-100.748,-101.884,-101.681,-100.438,-101.846,-102.253,-101.646,-102.425,-102.071,-102.160,-102.139,-100.972,-102.282,-99.725,-103.979,-101.336,-101.299,-100.011,-101.061,-101.148,-102.420,-103.369,-100.064,-102.691,-100.411,-100.882,-99.835,-103.579,-100.084,-100.737,-102.989,-100.945,-101.200,-101.016,-103.511,-102.464,-102.933,-99.525,-99.364,-101.707,-100.649,-102.959,-100.490,-101.941,-102.936,-103.107,-99.827,-98.744,-102.859,-99.890,-99.359,-101.379,-99.808,-101.756,-102.006,-98.013,-103.432,-101.992,-98.194,-100.597,-103.084,-99.929,-100.609,-105.485
266.170,119.130,-103.687,-103.400,-102.855,-102.006,-102.078,-101.653,-104.562,-100.841,-100.103,-100.864,-101.222,-100.295,-101.905,-101.631,-99.793,-102.677,-99.506,-99.661,-102.458,-101.410,-100.969,-101.642,-99.398,-100.216,-100.206,-101.060,-100.161,-101.005,-102.879,-100.617,-102.542,-101.777,-102.054,-100.855,-101.676,-99.364,-104.216,-104.350,-99.351,-101.273,-104.658,-100.965,-100.676,-99.955,-101.074,-101.080,-101.790,-99.974,-101.562,-102.825,-101.461,-101.836,-101.779,-103.884,-102.409,-104.994,-103.797,-100.227,-102.052,-103.820,-103.755,-104.133,-100.834,-102.239,-104.011,-101.421,-100.144,-102.618,-101.778,-101.399,-101.120,-101.174,-101.483,-101.327,-102.114,-101.744,-102.209,-99.327,-101.419,-102.616,-101.507,-99.995,-99.718,-102.225,-101.856,-101.969,-101.951,-101.861,-102.790,-101.657,-102.206,-99.302,-99.405,-101.432,-99.571,-100.293,-101.666,-100.297,-99.895,-100.787,-102.954
255.980,121.680,-101.416,-100.625,-100.567,-100.935,-98.368,-102.331,-100.462,-99.259,-103.475,-101.045,-101.213,-102.110,-100.533,-101.480,-101.713,-102.598,-100.736,-98.614,-99.722,-100.724,-101.029,-100.771,-100.007,-102.698,-101.625,-99.215,-102.044,-103.539,-102.155,-101.026,-100.560,-100.221,-97.155,-101.132,-100.698,-100.240,-101.338,-101.463,-102.221,-103.038,-100.935,-102.299,-102.911,-102.797,-103.485,-101.027,-101.837,-102.778,-99.986,-101.704,-102.865,-103.516,-102.823,-102.795,-104.087,-101.676,-102.435,-100.581,-101.170,-101.380,-101.929,-104.349,-100.081,-102.002,-102.906,-99.248,-100.977,-101.800,-99.430,-102.832,-102.832,-101.814,-104.087,-101.287,-101.471,-100.598,-102.316,-101.256,-102.446,-99.996,-102.048,-101.479,-104.452,-103.861,-102.401,-100.342,-102.359,-100.377,-102.315,-103.190,-101.294,-102.321,-102.127,-101.933,-102.588,-102.477,-98.992,-101.058,-101.255,-100.181,-105.346
296.760,108.940,-99.481,-101.575,-103.302,-102.581,-100.958,-101.709,-102.987,-101.635,-102.804,-101.334,-101.568,-99.787,-101.724,-101.222,-101.976,-101.539,-101.536,-103.111,-100.309,-100.525,-103.948,-99.850,-99.126,-102.979,-99.774,-101.726,-102.882,-101.008,-100.373,-104.472,-100.094,-102.657,-101.684,-103.520,-102.666,-100.030,-101.273,-102.785,-100.841,-99.274,-101.380,-104.429,-103.630,-101.207,-101.864,-101.295,-102.600,-105.171,-101.241,-100.126,-100.947,-102.579,-100.113,-102.364,-103.469,-100.675,-102.023,-100.703,-103.830,-103.985,-102.662,-99.470,-98.537,-101.387,-102.197,-99.703,-99.858,-99.854,-101.610,-102.087,-101.681,-101.731,-102.506,-100.957,-99.000,-101.263,-101.688,-102.480,-102.091,-104.194,-105.141,-101.216,-101.660,-101.045,-100.250,-102.252,-101.659,-101.784,-101.152,-101.396,-101.153,-100.590,-101.587,-103.505,-98.446,-103.279,-100.675,-101.878,-100.056,-100.581,-100.580
266.170,101.290,-103.109,-100.674,-100.068,-100.921,-102.502,-101.554,-102.332,-100.331,-99.851,-99.615,-100.378,-100.304,-101.666,-101.405,-100.961,-101.677,-101.000,-100.305,-101.503,-99.876,-103.551,-100.116,-101.872,-100.668,-98.890,-99.421,-98.945,-98.903,-102.963,-100.883,-101.926,-103.029,-100.613,-103.283,-102.392,-102.482,-100.892,-102.217,-104.440,-102.085,-101.442,-105.877,-101.870,-102.989,-104.179,-99.154,-101.737,-99.871,-103.865,-101.488,-101.393,-102.446,-97.601,-104.291,-100.411,-101.480,-100.941,-99.521,-101.905,-102.337,-99.092,-102.831,-100.395,-103.071,-102.885,-101.935,-102.607,-99.511,-102.167,-99.360,-99.556,-104.160,-100.544,-100.501,-102.309,-101.609,-101.626,-100.521,-101.834,-101.591,-101.779,-101.532,-98.819,-99.997,-100.601,-101.825,-100.815,-102.571,-102.872,-100.182,-101.467,-102.915,-102.406,-103.865,-102.305,-101.971,-99.932,-100.823,-100.066,-99.352,-98.247
255.980,131.870,-103.264,-102.186,-101.547,-101.652,-102.631,-100.210,-99.185,-102.272,-99.189,-101.435,-100.520,-103.757,-100.063,-98.102,-102.616,-101.248,-99.875,-101.250,-101.410,-101.216,-101.361,-102.763,-98.917,-102.041,-103.397,-102.707,-102.504,-101.482,-102.084,-102.493,-103.271,-103.734,-101.655,-101.478,-102.705,-102.875,-101.142,-101.658,-102.531,-99.783,-101.835,-98.309,-100.510,-100.507,-100.011,-99.838,-102.486,-102.812,-101.011,-100.938,-99.805,-100.541,-102.303,-101.721,-103.821,-104.429,-100.491,-99.337,-100.361,-100.964,-102.843,-101.596,-101.538,-103.044,-100.946,-103.897,-100.759,-101.380,-104.457,-99.822,-99.747,-98.224,-102.568,-101.401,-100.629,-104.503,-102.881,-101.083,-98.087,-102.158,-103.076,-103.988,-99.611,-103.641,-101.635,-102.988,-101.904,-100.052,-101.938,-100.614,-101.523,-103.188,-98.373,-101.534,-101.893,-104.817,-102.903,-101.649,-102.394,-100.782,-100.993
225.390,139.520,-101.745,-100.892,-99.964,-100.320,-101.260,-101.429,-100.599,-101.464,-103.609,-103.402,-99.984,-100.831,-103.472,-102.148,-100.714,-100.530,-102.494,-101.262,-102.117,-101.004,-102.535,-104.728,-102.139,-103.274,-102.846,-102.395,-101.445,-100.052,-101.563,-98.658,-100.283,-100.811,-99.306,-104.193,-101.404,-102.136,-104.372,-102.063,-103.370,-102.865,-101.418,-100.158,-99.665,-102.277,-99.493,-102.114,-104.075,-101.058,-102.208,-102.563,-100.249,-100.399,-103.385,-102.183,-100.914,-100.944,-101.350,-100.958,-101.219,-102.486,-102.613,-101.711,-103.693,-103.057,-99.267,-102.158,-99.706,-101.487,-102.760,-99.304,-101.566,-100.685,-99.451,-100.922,-101.637,-102.211,-104.332,-102.925,-102.308,-101.255,-103.588,-101.105,-100.921,-101.691,-103.782,-97.793,-103.110,-102.961,-102.040,-101.541,-102.451,-99.698,-98.062,-100.981,-101.223,-100.280,-101.148,-103.000,-100.910,-102.425,-101.105
255.980,111.480,-101.354,-102.761,-101.968,-99.568,-101.453,-104.849,-104.317,-102.354,-103.869,-100.079,-102.083,-104.090,-101.543,-97.503,-101.529,-100.357,-100.885,-101.795,-98.632,-102.423,-101.199,-102.163,-101.882,-103.141,-104.056,-103.296,-101.832,-99.390,-102.118,-103.529,-102.830,-100.663,-101.109,-102.335,-100.538,-99.167,-99.884,-101.645,-100.211,-102.421,-102.052,-102.626,-99.876,-102.737,-101.454,-102.500,-98.593,-98.489,-100.120,-100.723,-102.519,-102.910,-102.700,-101.030,-101.449,-101.775,-103.492,-100.188,-100.527,-100.741,-100.459,-103.264,-98.358,-100.783,-99.227,-101.937,-101.957,-101.032,-101.874,-102.317,-101.941,-104.263,-102.536,-101.572,-102.472,-101.717,-100.801,-100.402,-102.860,-100.447,-101.166,-102.574,-102.511,-102.850,-103.977,-102.052,-104.333,-101.698,-101.000,-100.855,-101.824,-100.852,-101.235,-102.899,-102.792,-102.702,-102.279,-103.709,-99.955,-102.442,-102.145
266.170,124.230,-102.287,-101.279,-100.960,-101.309,-100.949,-101.365,-101.535,-101.456,-102.660,-103.322,-103.809,-100.639,-100.637,-102.304,-104.281,-101.444,-99.894,-100.861,-99.259,-99.448,-101.239,-101.772,-103.135,-101.147,-100.876,-100.465,-101.731,-101.415,-100.523,-100.295,-102.712,-102.239,-100.715,-101.678,-101.770,-100.194,-100.466,-100.090,-103.918,-103.071,-100.121,-103.409,-101.301,-102.820,-101.365,-99.685,-99.313,-100.287,-99.699,-102.031,-100.953,-102.462,-102.791,-103.313,-102.708,-100.853,-100.030,-102.553,-99.866,-101.178,-102.665,-100.992,-103.260,-100.514,-102.608,-102.308,-101.157,-102.618,-103.136,-102.496,-100.061,-100.549,-101.750,-100.720,-102.036,-97.788,-98.995,-100.395,-102.168,-100.777,-101.928,-102.938,-104.896,-102.468,-100.344,-102.882,-102.409,-102.203,-102.317,-100.154,-100.566,-101.724,-100.880,-103.535,-102.391,-100.063,-100.069,-101.891,-100.820,-100.789,-102.598
245.780,139.520,-101.939,-101.935,-103.092,-99.980,-102.423,-98.673,-102.282,-98.830,-102.509,-101.880,-101.411,-101.208,-102.160,-104.167,-102.674,-101.675,-102.355,-101.768,-102.046,-102.524,-103.263,-102.014,-99.101,-100.220,-100.748,-99.823,-99.312,-99.701,-100.510,-100.926,-100.906,-101.723,-101.528,-99.354,-102.339,-103.165,-100.157,-100.112,-101.536,-102.376,-101.458,-102.100,-101.617,-103.958,-103.108,-102.429,-101.849,-98.528,-96.609,-103.189,-99.474,-101.095,-99.797,-99.463,-103.592,-101.678,-101.566,-102.890,-102.681,-100.807,-99.905,-101.499,-103.525,-104.007,-103.948,-101.469,-101.142,-102.190,-100.957,-102.804,-101.751,-102.121,-100.783,-102.035,-103.409,-102.056,-102.114,-101.172,-101.803,-100.665,-100.739,-100.060,-103.978,-101.049,-103.657,-103.302,-100.818,-99.212,-100.254,-102.253,-102.183,-102.293,-100.526,-104.074,-98.984,-104.499,-101.248,-102.024,-102.856,-101.701,-103.589
266.170,116.580,-101.906,-100.750,-99.487,-103.487,-100.414,-100.368,-100.732,-98.604,-103.601,-102.591,-105.047,-102.554,-99.105,-101.227,-103.434,-101.158,-101.493,-104.676,-104.352,-104.553,-102.854,-101.423,-102.583,-101.253,-101.012,-101.005,-101.222,-101.371,-101.766,-101.082,-101.068,-99.213,-101.371,-102.132,-101.241,-100.831,-100.141,-102.112,-102.462,-98.836,-101.752,-102.754,-101.828,-103.181,-99.738,-101.589,-104.432,-101.822,-98.763,-99.425,-102.183,-102.996,-101.949,-102.978,-101.445,-99.213,-102.369,-102.202,-100.889,-103.188,-102.321,-101.641,-98.780,-100.029,-102.756,-101.323,-102.532,-103.589,-100.962,-101.292,-102.097,-101.212,-102.473,-101.814,-103.426,-101.641,-99.000,-104.060,-104.207,-101.763,-101.881,-103.745,-102.589,-101.922,-98.757,-105.051,-100.701,-103.031,-103.751,-103.120,-100.729,-101.080,-103.492,-103.577,-101.518,-100.841,-101.486,-101.177,-104.828,-103.750,-102.354
266.170,129.320,-100.291,-105.227,-100.314,-100.488,-100.461,-100.571,-103.475,-100.948,-100.153,-100.326,-102.665,-98.759,-102.365,-101.897,-98.686,-99.255,-102.962,-102.338,-102.183,-104.206,-101.029,-99.903,-103.092,-100.856,-103.297,-102.956,-101.705,-101.253,-104.346,-99.973,-103.691,-102.331,-103.502,-103.690,-100.099,-100.306,-98.962,-101.202,-99.931,-100.756,-100.495,-100.768,-100.348,-98.965,-100.197,-98.863,-100.774,-102.677,-100.720,-100.326,-101.092,-100.702,-101.716,-100.062,-101.037,-101.274,-103.668,-99.819,-103.614,-98.004,-102.934,-101.021,-103.483,-102.763,-101.054,-102.711,-102.786,-98.848,-97.991,-97.907,-102.989,-104.719,-100.071,-100.833,-102.955,-105.578,-102.762,-101.592,-100.859,-101.268,-102.319,-102.726,-103.248,-100.562,-101.442,-100.585,-101.633,-100.838,-102.132,-101.858,-102.800,-100.526,-101.240,-101.579,-100.040,-102.384,-100.822,-98.177,-101.675,-100.924,-103.028
266.170,139.520,-102.448,-102.749,-101.934,-102.102,-102.622,-101.166,-100.296,-100.238,-100.726,-101.995,-99.902,-100.978,-102.690,-104.201,-101.162,-100.986,-100.156,-102.413,-101.064,-101.804,-101.974,-100.272,-101.614,-100.816,-100.138,-100.824,-100.214,-99.627,-101.763,-100.548,-101.696,-101.070,-104.532,-100.604,-99.000,-100.767,-102.498,-100.368,-102.686,-104.027,-102.380,-100.185,-103.075,-98.867,-101.062,-103.322,-102.412,-98.558,-101.737,-101.255,-101.214,-105.027,-101.563,-103.176,-101.121,-100.108,-99.944,-101.775,-101.570,-99.637,-101.715,-101.667,-103.782,-98.498,-98.960,-101.158,-102.609,-100.467,-101.922,-101.163,-99.090,-100.167,-101.671,-102.412,-102.954,-101.017,-102.815,-100.109,-102.735,-102.563,-100.691,-98.678,-100.850,-100.692,-101.805,-101.301,-99.661,-103.533,-101.203,-102.694,-99.787,-99.871,-101.224,-100.645,-100.597,-101.769,-102.129,-103.889,-103.043,-101.410,-101.385
123.440,96.190,-101.855,-101.869,-100.828,-101.879,-102.253,-102.811,-101.686,-101.030,-100.513,-99.974,-101.086,-100.432,-101.646,-101.682,-100.356,-98.847,-102.421,-100.930,-101.823,-100.074,-102.667,-102.338,-99.037,-101.787,-101.016,-101.528,-99.534,-101.697,-103.549,-102.015,-102.514,-100.976,-101.175,-101.103,-100.448,-101.672,-102.806,-101.191,-100.976,-99.886,-99.082,-100.926,-99.973,-99.717,-101.264,-98.974,-102.630,-97.588,-103.111,-98.431,-100.252,-99.041,-100.673,-103.132,-100.226,-101.403,-100.015,-103.226,-102.301,-98.365,-101.135,-100.728,-102.244,-103.511,-103.628,-100.757,-103.086,-103.126,-102.577,-101.190,-102.011,-101.333,-100.408,-101.382,-103.229,-103.009,-101.189,-98.219,-100.543,-102.152,-99.746,-102.411,-102.355,-99.618,-103.104,-101.211,-104.128,-100.306,-102.553,-99.277,-101.062,-100.796,-100.891,-100.830,-100.259,-102.066,-100.303,-102.584,-101.376,-99.004,-100.371
266.170,114.030,-101.000,-101.936,-102.082,-100.888,-102.711,-101.004,-103.172,-101.778,-100.854,-102.988,-99.994,-101.705,-102.633,-100.586,-100.937,-102.155,-103.600,-98.753,-101.017,-101.180,-102.800,-103.169,-99.120,-100.487,-102.557,-98.951,-102.585,-102.564,-102.851,-102.803,-101.131,-100.754,-102.552,-103.736,-102.341,-99.862,-101.062,-101.976,-103.187,-102.412,-102.435,-101.610,-102.386,-103.043,-98.810,-100.046,-102.719,-101.436,-102.062,-102.464,-100.347,-101.346,-101.226,-99.526,-101.903,-102.432,-100.407,-101.318,-100.202,-102.128,-103.276,-101.772,-102.249,-102.781,-101.568,-99.739,-102.212,-102.420,-102.695,-101.809,-102.217,-99.437,-101.463,-101.474,-100.495,-101.781,-101.782,-102.146,-102.310,-100.248,-103.504,-101.059,-101.565,-102.683,-102.609,-102.277,-102.926,-101.820,-103.860,-100.749,-103.127,-100.273,-101.411,-100.486,-103.512,-100.693,-102.013,-101.794,-101.219,-102.445,-101.780
266.170,96.190,-102.489,-102.660,-100.819,-99.985,-102.853,-102.155,-100.658,-97.738,-100.746,-100.185,-101.238,-103.337,-103.381,-102.061,-102.385,-101.644,-101.083,-100.151,-102.750,-103.892,-100.707,-100.934,-102.310,-100.796,-102.647,-101.229,-98.474,-101.635,-105.134,-100.994,-100.656,-102.015,-101.069,-101.097,-101.748,-103.333,-101.994,-101.710,-101.319,-101.472,-102.320,-100.327,-99.015,-101.022,-102.982,-99.198,-101.826,-101.523,-101.547,-98.827,-102.925,-99.956,-100.110,-102.077,-102.069,-102.119,-103.012,-100.748,-103.610,-100.182,-100.593,-97.881,-99.653,-97.873,-99.331,-102.322,-101.806,-99.821,-101.315,-99.334,-100.611,-100.095,-102.780,-104.807,-101.934,-100.362,-102.115,-101.824,-102.162,-99.106,-103.079,-100.953,-101.487,-101.676,-104.546,-101.257,-101.298,-101.303,-97.696,-97.696,-100.824,-101.936,-101.824,-101.078,-103.321,-100.452,-99.220,-103.945,-104.252,-102.560,-100.468
266.170,106.390,-100.598,-101.146,-100.282,-100.870,-101.751,-102.960,-101.262,-104.295,-98.843,-102.078,-98.766,-102.651,-103.484,-100.300,-101.323,-100.304,-100.302,-100.540,-100.072,-101.942,-100.738,-99.179,-100.872,-100.807,-104.140,-100.380,-100.736,-100.577,-102.940,-100.671,-103.517,-97.959,-101.719,-102.601,-98.761,-98.897,-98.440,-101.429,-101.696,-98.108,-97.460,-100.738,-99.723,-99.909,-104.103,-98.856,-101.792,-100.952,-98.432,-99.881,-103.257,-102.648,-105.160,-101.861,-99.380,-99.637,-101.072,-100.592,-101.826,-101.859,-101.681,-101.378,-99.935,-101.158,-101.537,-101.948,-99.362,-102.541,-103.285,-104.221,-101.961,-100.430,-99.200,-100.580,-101.937,-101.321,-101.260,-100.784,-100.714,-103.161,-102.966,-100.045,-101.802,-102.598,-102.445,-100.659,-101.414,-101.835,-104.768,-100.114,-104.776,-100.511,-100.988,-103.116,-101.897,-99.904,-101.554,-101.662,-100.551,-100.310,-98.857
266.170,121.680,-101.007,-102.154,-101.421,-98.931,-100.601,-99.455,-102.081,-104.001,-99.306,-101.614,-100.200,-101.978,-101.792,-104.363,-103.996,-99.692,-102.793,-103.542,-103.012,-101.143,-102.751,-100.888,-101.315,-102.809,-98.509,-101.371,-102.203,-102.178,-101.373,-101.709,-104.179,-101.324,-103.766,-99.750,-100.462,-99.964,-101.327,-100.440,-101.979,-102.211,-100.864,-101.228,-102.099,-101.978,-101.447,-104.577,-101.918,-103.544,-100.687,-99.994,-101.259,-102.396,-102.059,-99.958,-102.214,-101.262,-101.185,-98.344,-102.636,-101.284,-100.582,-102.947,-99.678,-102.412,-99.923,-101.636,-101.771,-99.840,-101.369,-101.599,-100.499,-101.971,-101.324,-101.097,-102.364,-101.602,-100.655,-101.820,-101.451,-102.386,-99.642,-101.889,-103.379,-103.380,-101.032,-102.331,-101.144,-100.487,-101.906,-101.641,-103.402,-99.527,-100.433,-101.475,-101.442,-102.548,-102.903,-103.210,-101.387,-101.645,-98.970
306.950,91.100,-103.828,-101.246,-101.825,-101.298,-100.967,-99.748,-99.709,-100.181,-104.705,-101.474,-102.071,-101.122,-101.984,-102.714,-104.073,-102.992,-102.086,-98.062,-102.081,-102.418,-99.967,-103.130,-101.137,-102.105,-103.053,-101.871,-103.236,-100.904,-99.864,-101.831,-100.397,-101.103,-103.267,-103.110,-99.175,-99.254,-103.674,-101.085,-102.438,-101.339,-101.041,-103.444,-99.639,-102.395,-99.816,-101.441,-102.620,-100.829,-100.927,-103.236,-103.975,-100.860,-99.433,-103.509,-97.374,-100.870,-101.146,-104.343,-103.760,-100.056,-100.544,-103.747,-101.349,-101.411,-101.177,-101.712,-98.708,-99.526,-101.157,-101.418,-103.087,-99.491,-102.680,-102.543,-101.923,-102.014,-102.121,-98.416,-101.978,-101.582,-102.159,-101.954,-100.215,-101.421,-100.603,-103.171,-101.543,-98.987,-100.330,-104.011,-101.615,-99.622,-101.991,-102.306,-102.438,-102.843,-100.670,-100.517,-100.760,-100.088,-102.913
306.950,101.290,-100.339,-103.608,-101.349,-98.511,-101.094,-102.102,-103.418,-101.157,-101.936,-102.093,-100.117,-104.444,-100.521,-102.024,-101.701,-101.167,-101.781,-100.047,-105.247,-101.705,-101.514,-101.427,-101.473,-100.022,-99.983,-102.581,-100.745,-102.693,-103.742,-100.357,-101.066,-101.670,-102.294,-101.464,-101.058,-102.837,-103.854,-98.352,-102.056,-102.451,-102.555,-103.202,-102.654,-102.016,-102.289,-101.603,-100.449,-104.265,-102.824,-102.568,-103.049,-102.022,-103.929,-100.597,-101.884,-100.167,-102.280,-101.157,-101.001,-99.766,-101.200,-102.239,-101.813,-103.643,-99.604,-100.578,-101.976,-100.253,-101.524,-99.664,-99.801,-101.384,-103.386,-100.898,-100.749,-101.860,-100.072,-100.673,-101.052,-102.835,-103.535,-103.334,-103.136,-101.338,-100.003,-102.569,-101.320,-102.772,-102.283,-102.001,-102.975,-100.908,-101.483,-100.650,-101.091,-101.425,-100.495,-103.348,-101.099,-102.176,-97.569
184.610,121.680,-100.011,-101.953,-99.081,-103.008,-102.482,-100.274,-101.254,-103.987,-102.036,-100.543,-102.381,-99.505,-102.799,-101.908,-100.817,-101.910,-101.708,-100.378,-99.812,-102.365,-101.937,-101.085,-102.267,-103.342,-103.692,-101.272,-103.864,-102.647,-101.635,-102.364,-103.835,-102.180,-102.173,-101.271,-100.975,-102.971,-102.334,-101.775,-100.073,-101.197,-100.765,-99.680,-101.777,-101.203,-100.213,-99.818,-103.223,-102.520,-102.314,-103.624,-103.798,-100.616,-102.395,-102.647,-102.271,-99.575,-101.085,-101.127,-103.352,-100.963,-103.222,-103.915,-102.583,-101.279,-101.821,-102.274,-101.614,-100.181,-100.088,-100.867,-102.507,-101.840,-101.870,-101.351,-101.471,-102.744,-104.351,-100.197,-100.796,-103.781,-101.245,-98.803,-101.447,-102.011,-103.065,-99.216,-103.844,-99.732,-102.821,-102.254,-102.596,-102.184,-101.946,-100.214,-103.461,-102.377,-99.540,-105.300,-99.988,-101.159,-99.592
143.830,121.680,-101.327,-101.112,-101.212,-100.018,-100.208,-105.023,-100.770,-102.603,-99.399,-101.135,-100.161,-100.592,-101.497,-101.823,-102.518,-101.845,-101.389,-101.903,-101.518,-101.356,-100.160,-101.254,-100.074,-103.283,-102.636,-97.810,-104.679,-103.376,-102.388,-102.018,-98.316,-102.665,-103.856,-103.233,-98.653,-101.456,-101.289,-102.941,-103.432,-103.157,-101.375,-102.241,-102.538,-101.855,-101.645,-103.518,-101.949,-103.679,-101.015,-102.013,-100.917,-102.749,-101.554,-100.410,-102.733,-102.436,-103.153,-101.398,-98.517,-102.212,-99.805,-100.704,-101.148,-99.461,-102.332,-102.676,-100.270,-103.059,-99.678,-100.242,-100.478,-102.996,-103.104,-100.095,-100.448,-102.155,-100.716,-101.086,-99.742,-99.356,-102.112,-102.488,-101.784,-100.120,-102.251,-99.677,-101.892,-101.609,-102.273,-102.825,-104.031,-101.929,-100.797,-104.050,-104.071,-99.755,-101.347,-101.884,-102.600,-101.856,-101.660
133.630,131.870,-99.617,-102.548,-100.918,-99.542,-102.489,-102.366,-101.173,-100.677,-102.905,-100.568,-102.719,-101.949,-101.825,-102.089,-100.145,-101.272,-99.740,-101.054,-103.022,-99.987,-101.602,-102.402,-99.002,-99.429,-101.771,-105.560,-103.615,-101.190,-98.815,-101.822,-104.546,-100.066,-100.887,-102.223,-102.320,-99.971,-103.590,-102.708,-101.016,-101.795,-100.380,-100.347,-99.088,-98.147,-102.287,-104.638,-98.144,-100.127,-100.007,-102.266,-101.818,-101.327,-102.421,-103.512,-100.385,-103.191,-100.807,-101.209,-100.497,-103.803,-101.401,-101.185,-100.465,-99.313,-103.217,-102.289,-100.182,-101.030,-101.282,-103.172,-101.363,-102.740,-101.043,-101.175,-100.975,-102.744,-102.277,-102.926,-103.237,-101.110,-100.660,-101.867,-99.962,-102.508,-101.736,-101.135,-100.772,-101.122,-101.989,-102.186,-101.024,-100.686,-101.715,-100.841,-100.403,-101.239,-100.705,-100.619,-101.136,-101.893,-100.171
296.760,98.740,-104.167,-101.607,-101.846,-97.885,-102.527,-103.460,-102.061,-102.458,-103.487,-100.840,-100.841,-102.602,-101.939,-103.071,-98.988,-103.543,-101.465,-100.817,-103.953,-102.274,-101.747,-99.463,-101.457,-101.838,-100.979,-101.696,-101.797,-103.703,-100.016,-102.024,-100.919,-100.277,-100.863,-101.163,-103.412,-104.211,-100.175,-100.003,-101.212,-102.838,-101.339,-100.763,-99.344,-102.558,-102.810,-101.768,-98.092,-100.961,-101.331,-102.104,-100.157,-98.843,-101.892,-101.247,-100.385,-101.110,-103.438,-103.479,-101.223,-102.222,-101.285,-100.322,-99.897,-101.971,-102.140,-102.477,-100.166,-101.330,-98.365,-100.729,-101.725,-100.523,-101.453,-101.698,-100.466,-103.074,-101.641,-99.128,-104.928,-102.384,-103.642,-100.894,-100.505,-101.712,-101.988,-98.838,-103.554,-100.675,-101.393,-103.694,-100.907,-100.882,-102.984,-99.289,-101.993,-98.744,-102.038,-102.555,-100.678,-102.869,-100.346
286.560,119.130,-102.928,-100.955,-101.931,-102.282,-102.696,-103.064,-104.612,-100.385,-100.367,-99.143,-97.536,-104.095,-100.255,-99.885,-100.928,-102.454,-100.615,-102.702,-101.930,-99.708,-100.885,-101.772,-101.498,-102.683,-102.019,-100.179,-98.624,-100.785,-100.752,-103.879,-102.959,-100.738,-101.493,-101.363,-101.649,-102.005,-98.553,-100.237,-102.130,-102.064,-101.461,-102.283,-100.271,-99.506,-101.119,-102.296,-101.643,-103.334,-100.195,-101.734,-99.395,-101.222,-102.155,-103.101,-100.903,-101.542,-101.588,-101.873,-101.378,-102.298,-102.710,-102.396,-101.099,-102.256,-102.127,-103.143,-102.311,-100.434,-101.318,-101.810,-101.618,-100.550,-101.767,-101.715,-102.412,-104.160,-100.405,-101.382,-103.142,-98.929,-100.234,-101.211,-100.831,-99.649,-105.667,-102.850,-103.095,-101.196,-101.174,-103.499,-101.333,-99.084,-102.666,-102.275,-101.979,-99.359,-101.810,-101.551,-101.971,-100.330,-102.632
286.560,126.770,-101.755,-102.092,-99.916,-102.152,-102.504,-98.171,-101.592,-102.926,-103.811,-101.727,-101.143,-101.800,-100.562,-102.740,-100.934,-99.565,-101.854,-98.641,-101.893,-100.610,-100.419,-104.826,-100.712,-102.205,-99.660,-102.818,-101.934,-100.639,-100.809,-100.776,-102.071,-101.319,-98.824,-101.109,-102.639,-101.691,-99.343,-103.493,-103.020,-103.690,-101.610,-102.302,-103.869,-103.622,-100.470,-100.863,-102.805,-101.570,-101.527,-102.772,-101.547,-103.807,-103.205,-102.815,-101.237,-102.630,-99.550,-100.478,-103.582,-100.523,-100.794,-101.168,-103.025,-101.300,-101.648,-101.609,-102.050,-101.325,-101.900,-100.945,-102.972,-102.032,-99.731,-96.988,-99.448,-101.716,-100.117,-101.348,-102.398,-101.293,-100.335,-101.097,-100.703,-101.439,-101.395,-100.949,-101.744,-101.845,-103.521,-101.244,-101.650,-102.910,-101.568,-101.301,-101.557,-101.965,-102.330,-101.937,-101.298,-102.941,-101.348
276.370,106.390,-102.632,-101.692,-100.507,-103.420,-103.384,-104.930,-102.283,-104.325,-101.979,-100.343,-102.500,-102.676,-101.496,-101.048,-102.660,-99.738,-100.567,-100.058,-101.715,-101.647,-100.738,-101.458,-101.637,-102.756,-101.883,-101.520,-101.351,-101.642,-102.378,-102.096,-100.245,-102.559,-103.388,-102.710,-102.482,-103.100,-98.871,-99.959,-104.610,-102.808,-100.273,-101.443,-101.823,-102.298,-101.995,-103.112,-102.703,-104.463,-101.168,-101.747,-100.722,-103.005,-101.184,-100.684,-101.537,-103.366,-102.774,-101.823,-103.023,-101.156,-101.877,-102.353,-102.496,-99.890,-102.633,-99.265,-102.737,-102.576,-105.114,-100.011,-101.486,-103.118,-102.362,-101.781,-99.063,-102.825,-99.967,-101.779,-100.689,-102.505,-103.533,-103.885,-98.244,-102.137,-101.879,-104.035,-103.029,-102.091,-100.258,-102.710,-102.090,-102.383,-101.291,-103.721,-102.107,-101.611,-99.649,-101.674,-102.223,-101.698,-101.719
296.760,116.580,-99.909,-100.883,-98.623,-102.856,-100.967,-101.811,-102.431,-101.881,-103.303,-101.221,-99.011,-100.469,-100.255,-100.403,-101.487,-99.301,-101.759,-101.936,-101.358,-100.368,-102.684,-102.415,-100.737,-103.475,-100.433,-101.272,-100.425,-101.074,-97.317,-100.029,-99.463,-103.748,-101.356,-99.194,-100.787,-100.805,-102.179,-102.452,-101.892,-102.392,-102.100,-101.909,-102.707,-101.112,-103.332,-99.127,-103.114,-101.217,-100.726,-101.369,-99.248,-99.426,-103.231,-101.987,-99.325,-103.241,-99.962,-103.774,-99.558,-101.309,-102.019,-101.904,-100.941,-101.265,-101.317,-99.005,-102.069,-101.850,-101.922,-100.257,-101.297,-98.814,-101.041,-101.752,-101.112,-103.515,-100.723,-102.147,-100.459,-101.837,-101.221,-100.962,-101.786,-102.047,-103.629,-101.528,-102.746,-103.158,-102.838,-98.919,-99.528,-100.194,-100.842,-101.240,-100.340,-102.120,-100.047,-101.350,-102.581,-99.952,-100.541
296.760,121.680,-104.452,-102.153,-102.796,-102.307,-101.483,-102.614,-100.625,-102.818,-100.609,-105.276,-103.819,-102.151,-98.035,-99.790,-104.235,-100.834,-103.510,-100.944,-103.174,-101.722,-98.297,-100.487,-99.033,-102.401,-101.409,-101.153,-104.341,-102.515,-100.253,-102.786,-101.942,-100.835,-102.768,-101.642,-103.759,-102.761,-102.134,-102.196,-100.610,-99.743,-102.144,-100.525,-104.239,-101.147,-100.920,-99.460,-102.535,-100.108,-101.653,-102.179,-102.064,-100.825,-99.328,-102.894,-101.287,-100.307,-103.666,-101.109,-102.209,-101.102,-100.891,-99.580,-99.366,-100.435,-101.304,-103.398,-102.087,-101.539,-101.468,-102.904,-99.447,-100.969,-99.417,-101.637,-102.188,-102.399,-100.089,-100.880,-103.228,-103.102,-99.971,-100.044,-101.326,-103.635,-100.538,-100.450,-98.522,-99.877,-101.476,-100.580,-101.980,-101.387,-100.573,-98.611,-100.308,-100.897,-96.625,-99.946,-100.376,-100.046,-99.815
286.560,116.580,-100.658,-102.043,-101.994,-101.066,-99.613,-100.696,-102.012,-101.070,-103.843,-101.851,-99.219,-101.341,-101.093,-101.031,-102.375,-103.040,-98.501,-101.269,-101.538,-100.506,-100.334,-99.632,-102.179,-101.393,-100.005,-103.204,-103.162,-104.256,-101.127,-102.678,-100.635,-103.135,-100.240,-102.197,-101.910,-101.371,-100.899,-100.616,-100.654,-100.816,-100.964,-99.942,-101.393,-98.565,-99.863,-100.716,-104.847,-101.160,-102.405,-103.028,-100.332,-100.720,-101.673,-100.911,-103.007,-102.817,-101.536,-102.914,-99.974,-100.889,-102.847,-102.674,-101.699,-101.501,-101.873,-102.235,-102.525,-98.603,-100.220,-99.264,-100.847,-99.497,-102.208,-101.791,-100.482,-103.480,-99.781,-102.255,-102.744,-102.117,-100.172,-101.351,-100.271,-102.837,-103.535,-101.670,-100.713,-101.570,-100.410,-101.948,-101.741,-102.358,-101.232,-102.301,-103.430,-102.614,-101.212,-101.642,-102.055,-103.090,-99.443
276.370,91.100,-99.916,-103.195,-102.993,-102.914,-99.046,-99.002,-100.416,-99.503,-102.687,-103.344,-100.514,-100.156,-101.526,-100.176,-104.053,-100.735,-101.865,-100.693,-102.576,-102.594,-103.172,-101.150,-100.950,-99.710,-102.965,-103.593,-101.641,-102.438,-101.189,-103.012,-100.621,-103.939,-102.628,-102.063,-99.277,-98.616,-101.074,-99.736,-98.819,-99.625,-101.795,-101.801,-100.218,-101.403,-100.653,-100.893,-101.231,-99.561,-102.577,-101.828,-99.965,-101.697,-101.687,-102.942,-102.113,-102.133,-102.697,-100.814,-101.563,-102.749,-101.767,-102.033,-102.173,-102.149,-100.665,-99.363,-103.368,-102.945,-98.387,-102.109,-100.178,-99.493,-102.324,-100.712,-101.571,-101.422,-98.813,-101.746,-100.592,-103.950,-100.800,-103.226,-103.802,-104.186,-101.841,-101.220,-102.367,-102.366,-101.473,-100.516,-104.161,-102.329,-101.214,-100.802,-100.153,-102.048,-99.190,-99.090,-100.020,-101.648,-101.501
286.560,124.230,-100.079,-104.284,-101.863,-100.801,-102.636,-104.198,-102.169,-99.912,-102.106,-100.723,-102.403,-102.669,-100.528,-98.850,-100.159,-101.613,-102.616,-99.880,-102.255,-103.954,-102.383,-100.871,-99.697,-104.220,-101.652,-102.025,-98.923,-100.512,-100.303,-102.122,-103.621,-101.177,-102.159,-99.054,-104.247,-101.582,-99.805,-101.006,-101.368,-101.138,-101.298,-102.530,-100.359,-101.883,-101.874,-101.008,-103.964,-100.021,-102.039,-103.073,-100.759,-101.988,-102.204,-100.016,-100.800,-99.845,-102.338,-102.536,-102.148,-99.848,-102.993,-101.901,-101.742,-101.154,-102.478,-101.867,-100.153,-100.376,-102.847,-101.574,-100.920,-102.681,-100.434,-101.510,-100.244,-103.450,-99.616,-100.551,-99.070,-100.946,-101.085,-100.816,-100.711,-102.581,-101.522,-100.493,-100.574,-100.481,-100.331,-100.108,-99.994,-100.896,-100.252,-99.828,-101.430,-102.573,-100.924,-103.165,-98.895,-100.890,-101.389
286.560,139.520,-103.151,-102.112,-102.465,-101.380,-101.290,-101.699,-102.742,-101.190,-101.346,-100.684,-100.052,-101.316,-103.158,-102.291,-100.854,-102.596,-99.845,-101.808,-101.927,-101.604,-101.546,-102.290,-100.088,-102.210,-102.440,-100.512,-101.207,-102.414,-101.661,-101.577,-102.076,-101.792,-102.305,-102.952,-99.356,-101.580,-100.293,-100.564,-102.311,-101.802,-102.555,-99.443,-101.397,-100.621,-100.726,-102.963,-97.983,-101.561,-101.826,-99.587,-100.523,-100.895,-101.471,-101.466,-102.489,-102.901,-101.456,-101.839,-100.415,-102.881,-100.352,-100.645,-102.631,-102.258,-101.923,-101.052,-102.704,-101.549,-102.121,-99.957,-103.448,-101.509,-99.119,-101.767,-101.954,-101.137,-101.686,-99.751,-102.263,-101.017,-103.030,-100.985,-102.077,-102.044,-99.816,-100.334,-100.025,-101.360,-101.861,-100.346,-99.155,-98.467,-101.021,-101.420,-101.724,-101.781,-102.782,-102.146,-102.681,-102.171,-102.552
286.560,129.320,-101.629,-99.713,-101.386,-101.291,-101.496,-101.088,-101.200,-102.256,-102.740,-100.658,-101.667,-99.797,-100.928,-102.857,-102.897,-100.314,-103.231,-102.557,-103.256,-101.412,-101.132,-101.047,-100.266,-103.025,-102.452,-98.610,-103.447,-106.602,-99.412,-102.024,-102.734,-99.843,-100.071,-101.188,-103.041,-101.681,-96.969,-102.769,-101.089,-101.287,-99.909,-100.857,-100.509,-99.543,-102.463,-102.696,-102.074,-100.642,-101.920,-98.991,-102.709,-101.106,-99.362,-102.465,-99.240,-101.119,-104.553,-101.588,-101.254,-102.735,-101.996,-98.968,-101.523,-100.253,-102.335,-101.228,-100.469,-101.755,-99.971,-100.862,-102.677,-101.678,-103.103,-99.276,-98.267,-101.816,-104.463,-101.647,-102.524,-103.381,-100.169,-102.077,-101.976,-102.768,-101.287,-101.965,-101.849,-101.347,-103.468,-99.779,-102.781,-101.563,-101.267,-101.177,-100.601,-102.386,-101.340,-99.770,-101.769,-102.045,-102.942
286.560,106.390,-101.547,-102.654,-103.336,-103.362,-101.571,-99.515,-101.403,-104.904,-101.932,-102.940,-103.170,-103.790,-102.710,-100.413,-104.120,-103.122,-103.120,-101.581,-102.815,-103.429,-101.983,-102.430,-102.052,-102.870,-102.100,-101.712,-102.798,-102.005,-102.421,-101.344,-102.526,-104.696,-101.838,-103.181,-102.067,-99.700,-101.497,-102.229,-100.666,-103.918,-101.922,-101.321,-101.909,-99.881,-102.613,-100.944,-102.814,-102.626,-102.403,-101.627,-104.029,-104.121,-102.089,-102.476,-101.347,-102.440,-104.080,-101.860,-102.811,-101.709,-102.699,-103.598,-101.533,-101.968,-98.449,-103.201,-104.053,-101.646,-100.608,-98.532,-100.958,-100.894,-101.844,-101.232,-101.837,-102.113,-100.185,-102.548,-101.610,-100.710,-100.348,-102.163,-102.884,-100.546,-102.859,-100.641,-103.371,-103.477,-101.024,-99.691,-103.476,-101.055,-104.344,-101.935,-101.488,-100.444,-99.636,-100.454,-100.244,-104.893,-101.406
286.560,134.420,-103.505,-102.434,-99.711,-102.694,-101.659,-103.256,-101.910,-102.761,-101.900,-102.348,-101.150,-102.076,-100.603,-102.511,-99.765,-101.403,-100.732,-103.884,-103.975,-101.471,-100.562,-99.767,-102.252,-101.624,-102.341,-101.214,-98.787,-101.538,-103.119,-102.640,-101.017,-101.727,-100.282,-101.768,-101.663,-102.226,-103.184,-98.502,-98.757,-102.017,-99.742,-100.264,-100.807,-101.426,-101.699,-104.533,-103.559,-101.652,-101.355,-99.946,-102.636,-103.943,-99.354,-99.519,-98.085,-102.679,-99.892,-100.781,-97.658,-103.178,-100.590,-99.225,-102.682,-103.952,-102.933,-102.366,-102.858,-101.841,-101.132,-100.451,-100.610,-102.185,-104.154,-103.137,-101.918,-104.030,-103.688,-101.152,-101.554,-100.370,-102.232,-97.122,-99.565,-102.890,-102.518,-103.917,-101.938,-101.038,-100.902,-101.088,-98.924,-103.519,-101.213,-102.775,-100.857,-101.198,-99.535,-100.983,-100.846,-99.238,-101.714
306.950,139.520,-101.329,-102.812,-101.983,-101.514,-101.497,-100.733,-101.484,-101.789,-100.326,-100.292,-99.276,-99.651,-101.775,-100.059,-100.056,-102.292,-102.626,-101.590,-102.179,-100.303,-100.029,-103.219,-100.537,-102.746,-102.746,-100.059,-102.439,-103.337,-102.554,-99.364,-101.321,-102.949,-102.494,-104.495,-102.404,-100.280,-102.882,-102.666,-102.302,-102.689,-103.986,-99.877,-102.422,-102.272,-99.901,-99.512,-100.136,-100.701,-101.142,-100.514,-102.037,-99.465,-102.246,-101.069,-101.578,-104.429,-101.131,-99.806,-100.050,-102.020,-101.995,-100.883,-100.818,-100.593,-100.626,-104.546,-100.318,-97.158,-101.732,-102.957,-101.406,-100.242,-98.496,-100.696,-99.346,-101.856,-101.681,-98.394,-100.579,-102.734,-102.198,-101.220,-99.763,-102.632,-100.250,-102.197,-99.673,-100.349,-99.375,-102.727,-101.255,-101.716,-100.311,-101.617,-100.385,-103.285,-100.006,-102.909,-102.046,-99.743,-104.524
133.630,101.290,-101.827,-101.875,-101.303,-99.651,-102.581,-100.761,-101.333,-100.302,-101.149,-100.188,-103.150,-103.998,-102.707,-103.644,-99.475,-100.797,-101.457,-102.077,-102.079,-100.542,-103.564,-100.655,-100.608,-102.249,-102.804,-102.090,-101.273,-102.775,-102.092,-101.119,-100.955,-101.847,-102.545,-101.816,-102.573,-101.785,-102.566,-102.937,-98.864,-99.821,-102.369,-102.086,-100.478,-100.912,-101.503,-104.142,-102.386,-102.196,-99.680,-102.456,-102.108,-104.382,-101.268,-101.080,-101.056,-102.304,-101.290,-100.490,-99.730,-104.014,-102.148,-102.387,-98.661,-100.973,-102.143,-101.630,-102.430,-102.155,-102.174,-101.329,-101.026,-100.484,-104.635,-101.572,-101.241,-101.503,-101.749,-101.335,-101.219,-102.090,-103.579,-102.990,-102.580,-100.653,-100.928,-99.273,-103.120,-105.104,-100.767,-101.459,-101.463,-100.915,-104.696,-102.712,-100.281,-102.496,-101.569,-101.901,-101.207,-102.597,-100.414
133.630,91.100,-98.169,-102.127,-101.506,-101.886,-100.588,-100.906,-100.946,-102.188,-101.476,-102.456,-102.180,-103.089,-99.467,-99.026,-100.602,-100.042,-100.768,-102.420,-102.413,-101.857,-100.082,-102.714,-103.413,-101.787,-100.377,-101.688,-102.840,-99.740,-102.478,-100.665,-102.287,-98.985,-100.541,-102.745,-101.631,-99.941,-101.731,-100.316,-100.370,-102.122,-101.528,-99.742,-101.592,-100.284,-102.095,-99.700,-99.955,-101.697,-102.836,-97.727,-100.665,-101.163,-102.699,-100.657,-102.387,-101.125,-103.094,-102.541,-101.199,-100.261,-100.622,-101.765,-102.387,-101.530,-103.990,-103.787,-101.151,-98.269,-98.790,-101.897,-102.862,-102.578,-100.728,-101.153,-102.951,-102.714,-101.929,-101.322,-101.386,-102.536,-101.699,-101.224,-101.078,-99.965,-100.468,-100.017,-102.911,-103.128,-102.168,-101.930,-101.149,-101.328,-102.898,-101.928,-102.130,-100.652,-101.865,-101.314,-99.606,-100.010,-101.555
306.950,131.870,-101.605,-101.598,-100.288,-100.585,-102.033,-101.826,-103.449,-102.061,-99.949,-99.767,-102.114,-101.285,-101.914,-99.204,-99.907,-101.118,-103.508,-100.672,-102.998,-103.418,-103.039,-101.681,-100.837,-100.386,-100.947,-101.840,-103.997,-101.663,-102.047,-101.228,-104.406,-102.475,-100.383,-101.109,-100.544,-100.906,-103.230,-101.516,-103.007,-102.108,-99.944,-101.116,-101.154,-100.298,-101.637,-101.053,-101.991,-100.926,-102.891,-101.366,-101.189,-102.411,-100.362,-101.613,-102.736,-100.524,-99.644,-100.021,-102.078,-99.603,-99.443,-101.169,-102.787,-100.283,-101.614,-103.924,-100.618,-102.427,-99.893,-102.436,-103.672,-100.854,-101.002,-99.639,-102.985,-100.707,-100.420,-102.124,-98.445,-99.055,-102.210,-100.063,-101.048,-104.167,-101.016,-103.411,-100.877,-100.210,-103.255,-100.801,-99.106,-102.625,-100.775,-102.962,-99.454,-102.902,-102.722,-103.285,-101.376,-101.115,-103.547
225.390,134.420,-104.263,-102.617,-102.267,-101.672,-101.480,-103.507,-101.830,-102.562,-99.782,-100.229,-100.731,-102.427,-104.423,-101.507,-101.659,-103.208,-100.013,-101.451,-101.992,-100.837,-100.402,-100.355,-98.600,-100.145,-101.048,-101.759,-99.758,-101.917,-100.056,-105.893,-101.264,-100.863,-101.489,-100.970,-100.427,-100.816,-99.213,-99.289,-103.323,-103.765,-103.622,-101.224,-101.164,-100.215,-101.366,-100.775,-102.921,-103.881,-103.774,-103.845,-101.493,-103.027,-101.016,-102.437,-99.522,-101.764,-103.194,-101.006,-102.853,-103.716,-103.322,-100.730,-101.413,-100.505,-102.754,-101.564,-101.170,-100.035,-100.727,-100.707,-99.623,-104.355,-102.395,-101.792,-100.259,-100.546,-102.042,-104.666,-104.413,-102.503,-101.108,-98.456,-100.467,-100.911,-101.097,-99.643,-100.986,-101.765,-104.233,-100.387,-102.971,-103.293,-101.927,-101.134,-100.003,-102.542,-101.391,-101.840,-101.606,-103.004,-101.307
215.190,111.480,-100.058,-99.769,-100.664,-100.203,-102.899,-99.169,-101.125,-102.850,-104.080,-103.585,-101.569,-101.779,-101.081,-102.211,-104.311,-104.395,-101.719,-104.652,-101.064,-100.444,-101.212,-103.439,-100.078,-103.390,-101.905,-101.124,-101.044,-102.086,-103.811,-104.454,-101.399,-103.918,-100.756,-100.347,-101.523,-101.753,-102.455,-98.631,-102.079,-101.714,-100.973,-104.823,-99.133,-103.153,-101.751,-102.512,-102.278,-101.620,-99.706,-101.192,-101.576,-101.781,-102.130,-100.330,-102.830,-103.835,-100.581,-101.877,-97.771,-100.429,-100.145,-104.576,-100.969,-102.574,-99.756,-99.977,-101.732,-102.618,-100.681,-102.523,-102.560,-102.005,-99.743,-99.744,-102.858,-100.698,-100.620,-102.697,-102.533,-100.418,-101.026,-99.960,-101.003,-100.789,-100.614,-103.227,-100.998,-101.407,-101.051,-101.603,-103.144,-100.756,-101.846,-101.687,-101.538,-103.769,-102.779,-103.691,-102.943,-100.622,-100.836
276.370,136.970,-100.092,-101.557,-101.744,-102.320,-102.787,-101.307,-102.656,-101.659,-100.544,-100.370,-102.364,-100.972,-103.092,-98.971,-101.453,-103.486,-100.529,-99.147,-100.914,-104.243,-102.656,-101.940,-100.105,-101.372,-101.308,-99.958,-102.322,-100.186,-100.117,-101.191,-100.197,-103.123,-102.117,-101.403,-101.795,-100.594,-98.181,-99.213,-101.848,-100.840,-100.653,-100.834,-100.112,-101.016,-99.698,-100.935,-99.995,-100.704,-101.819,-101.651,-101.831,-101.646,-101.395,-100.634,-101.493,-103.440,-101.463,-100.051,-102.187,-99.678,-104.091,-101.632,-101.760,-103.252,-100.237,-101.037,-103.602,-101.043,-102.389,-100.508,-100.898,-102.709,-101.746,-99.580,-103.738,-103.129,-100.093,-100.951,-101.184,-101.457,-101.895,-101.149,-102.657,-100.985,-101.862,-101.139,-101.138,-104.158,-101.445,-103.978,-102.460,-103.439,-102.286,-103.233,-100.951,-101.991,-102.133,-99.073,-101.827,-102.757,-100.878
296.760,136.970,-101.443,-100.717,-101.966,-101.387,-102.928,-101.778,-103.699,-101.657,-99.444,-99.810,-101.702,-101.954,-99.168,-100.628,-102.247,-102.136,-100.435,-99.973,-103.756,-100.508,-101.165,-102.432,-100.838,-100.927,-102.362,-100.602,-99.388,-100.840,-102.074,-101.900,-99.942,-101.893,-100.295,-101.963,-100.944,-102.710,-101.430,-101.670,-101.888,-102.647,-102.994,-101.512,-98.768,-103.186,-101.176,-100.246,-102.415,-102.161,-102.879,-101.530,-101.569,-99.593,-100.362,-99.030,-101.571,-102.264,-101.825,-100.746,-100.568,-100.243,-100.341,-101.154,-103.298,-103.600,-99.408,-101.521,-101.489,-102.380,-102.816,-101.224,-101.110,-102.453,-102.541,-101.997,-102.250,-102.665,-101.471,-102.121,-100.048,-103.089,-104.159,-102.594,-103.444,-97.197,-101.729,-102.297,-102.637,-100.207,-100.555,-101.394,-99.628,-103.063,-99.921,-102.771,-100.921,-100.102,-100.940,-101.785,-102.067,-101.964,-100.419
143.830,134.420,-101.169,-102.387,-100.913,-101.866,-99.707,-103.243,-102.499,-100.233,-101.785,-102.675,-103.862,-102.566,-102.097,-100.992,-101.028,-101.374,-103.153,-102.003,-100.830,-98.563,-100.576,-101.916,-100.628,-103.602,-101.678,-101.642,-103.760,-100.957,-101.455,-100.492,-100.529,-101.264,-101.630,-102.793,-103.522,-101.548,-102.580,-100.871,-101.922,-102.688,-102.761,-98.968,-100.684,-103.758,-101.784,-98.957,-103.499,-101.079,-100.718,-101.570,-98.144,-98.763,-105.057,-102.554,-102.551,-102.770,-99.770,-100.684,-102.654,-102.489,-99.821,-104.492,-101.987,-102.413,-101.191,-99.645,-102.670,-100.779,-101.398,-100.747,-101.541,-102.266,-100.270,-100.568,-103.441,-102.042,-102.910,-102.005,-102.048,-100.978,-106.079,-104.457,-102.787,-101.373,-99.709,-99.572,-101.648,-101.427,-105.332,-101.821,-102.073,-101.999,-101.647,-101.024,-101.679,-102.460,-101.395,-100.500,-100.376,-104.747,-102.645
194.800,111.480,-102.507,-99.956,-99.637,-101.181,-101.124,-103.174,-102.650,-101.144,-100.287,-100.856,-101.370,-100.829,-101.590,-100.331,-99.713,-101.241,-100.918,-102.364,-99.786,-98.755,-99.867,-103.290,-103.707,-96.426,-104.293,-101.601,-100.138,-103.130,-101.821,-103.695,-99.426,-102.219,-102.239,-101.904,-99.101,-100.166,-101.441,-101.958,-99.213,-101.827,-101.064,-102.741,-101.813,-100.539,-101.316,-102.026,-103.078,-99.331,-100.931,-101.495,-102.460,-104.400,-102.964,-101.793,-101.548,-101.011,-101.974,-100.804,-100.495,-101.400,-100.808,-100.843,-100.309,-101.901,-102.849,-102.695,-102.213,-101.473,-99.857,-101.077,-101.143,-102.033,-101.449,-101.659,-101.714,-101.025,-100.585,-100.668,-101.817,-103.261,-102.982,-98.907,-104.469,-102.227,-100.878,-99.835,-101.057,-99.908,-100.853,-100.856,-104.204,-101.223,-101.150,-101.262,-100.854,-102.180,-102.821,-101.875,-101.661,-101.084,-103.301
174.410,103.840,-103.832,-102.240,-101.140,-99.257,-99.665,-102.148,-101.175,-102.174,-102.596,-100.111,-100.893,-99.523,-101.533,-101.936,-102.593,-103.160,-102.413,-101.815,-100.303,-99.686,-100.743,-98.249,-97.401,-99.411,-101.673,-103.559,-102.511,-101.126,-100.260,-100.535,-100.539,-101.364,-99.743,-104.992,-102.372,-101.411,-102.822,-100.763,-100.461,-102.083,-103.671,-99.006,-100.961,-100.440,-99.897,-102.502,-101.332,-102.932,-101.152,-103.606,-103.963,-100.252,-103.424,-98.258,-101.557,-100.802,-101.794,-103.431,-101.403,-102.246,-101.572,-99.865,-100.547,-102.423,-101.168,-101.616,-102.162,-101.420,-99.716,-101.074,-100.596,-101.840,-99.243,-101.434,-103.506,-101.462,-102.762,-103.629,-102.319,-100.276,-100.872,-102.251,-102.112,-101.987,-100.714,-102.097,-102.150,-103.819,-103.007,-103.157,-101.231,-102.384,-103.583,-104.060,-102.485,-100.705,-101.994,-100.934,-100.379,-101.487,-100.795
184.610,131.870,-99.907,-101.771,-98.561,-100.376,-100.436,-101.409,-102.424,-103.150,-102.072,-101.751,-101.415,-102.357,-100.901,-102.908,-100.312,-100.787,-102.298,-101.891,-101.909,-99.438,-105.034,-102.076,-101.566,-103.775,-101.628,-102.301,-100.311,-101.867,-103.331,-101.885,-102.472,-101.061,-102.712,-101.765,-101.889,-101.087,-101.254,-102.667,-101.100,-101.508,-103.260,-101.379,-101.205,-100.251,-100.279,-101.702,-102.558,-99.613,-102.488,-102.138,-102.946,-99.379,-100.513,-102.932,-100.163,-102.004,-102.878,-101.318,-102.997,-102.052,-99.822,-101.619,-101.237,-101.725,-98.390,-98.084,-100.458,-100.312,-100.869,-102.674,-101.226,-97.600,-102.358,-100.753,-100.825,-101.362,-99.076,-101.472,-101.292,-103.356,-99.444,-102.498,-101.982,-100.991,-103.994,-102.251,-101.100,-101.062,-101.015,-100.857,-98.652,-105.500,-103.341,-103.884,-102.438,-101.983,-99.781,-103.000,-104.399,-101.508,-98.534
194.800,126.770,-100.675,-103.084,-101.148,-103.443,-102.041,-98.886,-100.193,-101.213,-102.902,-102.698,-97.930,-102.407,-102.746,-100.810,-101.128,-100.794,-100.848,-101.059,-100.210,-101.340,-100.403,-103.737,-101.771,-102.545,-100.436,-99.246,-102.482,-100.026,-99.279,-102.173,-99.265,-98.189,-101.212,-103.493,-100.177,-97.933,-101.272,-100.729,-101.835,-104.616,-99.786,-102.704,-101.357,-101.782,-101.198,-102.334,-101.778,-102.399,-102.712,-102.032,-101.900,-100.878,-102.504,-104.554,-101.831,-102.878,-101.498,-99.636,-100.684,-99.622,-99.068,-100.794,-101.596,-101.305,-101.872,-102.878,-101.254,-103.076,-100.142,-103.811,-101.598,-103.362,-102.525,-100.162,-101.562,-101.793,-100.396,-102.814,-102.005,-102.588,-100.827,-102.867,-100.604,-102.109,-102.571,-101.897,-101.187,-99.290,-99.950,-101.017,-103.353,-101.524,-101.495,-101.138,-101.972,-99.717,-101.207,-99.017,-99.936,-102.869,-103.052
174.410,91.100,-101.873,-103.114,-101.497,-103.810,-102.375,-101.265,-103.002,-101.259,-103.337,-100.334,-105.399,-100.558,-101.766,-101.511,-103.074,-102.461,-99.110,-102.958,-101.257,-104.179,-102.871,-99.586,-103.043,-100.664,-100.887,-100.154,-102.083,-100.275,-99.353,-100.821,-101.383,-102.092,-102.438,-101.539,-101.459,-100.641,-100.146,-102.155,-102.053,-100.300,-101.573,-102.931,-101.653,-102.638,-102.026,-102.986,-101.406,-102.813,-99.436,-104.148,-101.113,-98.892,-101.747,-102.594,-101.889,-100.092,-100.738,-100.648,-101.467,-102.528,-102.865,-100.787,-103.180,-103.000,-103.226,-101.159,-102.030,-100.406,-100.642,-99.803,-102.378,-101.948,-103.068,-102.133,-99.620,-102.009,-102.835,-100.868,-101.869,-102.384,-104.056,-98.392,-102.429,-100.264,-103.178,-101.004,-104.073,-102.780,-103.133,-99.795,-101.227,-101.370,-101.309,-101.077,-100.460,-101.747,-100.234,-101.344,-99.316,-99.998,-102.579
225.390,111.480,-102.776,-101.557,-99.125,-99.126,-99.632,-98.836,-102.925,-101.897,-102.780,-99.881,-103.005,-100.173,-99.174,-100.828,-101.967,-102.210,-103.045,-99.526,-99.716,-101.119,-101.358,-101.400,-102.060,-104.674,-101.367,-102.994,-102.358,-99.569,-99.825,-100.656,-102.436,-100.809,-102.262,-101.716,-102.628,-102.778,-102.498,-103.271,-100.818,-100.742,-101.337,-103.356,-101.297,-103.506,-105.319,-101.201,-100.360,-100.175,-102.331,-101.629,-100.744,-101.134,-100.857,-100.560,-98.111,-101.575,-101.058,-101.155,-103.204,-104.389,-101.247,-101.465,-101.223,-100.995,-100.265,-102.143,-101.695,-101.730,-98.940,-98.969,-98.709,-102.941,-102.262,-98.924,-101.267,-101.886,-102.787,-101.663,-100.312,-102.814,-100.007,-99.805,-103.221,-103.029,-101.924,-100.864,-101.128,-101.999,-104.084,-102.738,-103.072,-101.132,-102.962,-103.503,-100.743,-101.495,-98.930,-100.783,-101.112,-101.800,-102.433
154.020,103.840,-101.729,-101.623,-100.717,-98.617,-101.018,-101.151,-100.333,-99.188,-98.870,-100.597,-101.034,-101.011,-101.859,-100.510,-100.800,-105.164,-103.710,-104.712,-102.621,-102.295,-100.701,-99.912,-101.936,-99.403,-99.290,-101.492,-100.298,-101.381,-100.279,-101.101,-101.270,-103.701,-103.431,-103.497,-101.315,-102.213,-100.786,-100.416,-102.724,-102.535,-102.476,-105.208,-100.369,-102.219,-101.636,-100.600,-103.088,-100.787,-100.846,-101.438,-101.276,-103.064,-104.439,-101.154,-99.919,-99.820,-99.972,-100.361,-101.359,-100.243,-103.577,-104.758,-100.911,-102.491,-102.607,-101.757,-99.345,-102.948,-100.773,-98.848,-100.683,-100.402,-102.317,-101.376,-102.432,-100.254,-99.599,-103.852,-100.350,-100.693,-102.823,-99.981,-100.232,-101.618,-99.765,-101.398,-100.980,-99.233,-103.290,-103.036,-102.438,-102.705,-101.669,-99.644,-101.867,-103.371,-101.343,-101.450,-103.186,-102.577,-102.667
194.800,136.970,-99.789,-101.198,-101.846,-102.052,-103.608,-101.397,-103.391,-102.719,-100.139,-103.622,-101.823,-103.075,-101.556,-100.912,-103.367,-99.279,-101.785,-102.936,-102.165,-101.999,-99.191,-103.191,-101.123,-100.265,-102.830,-101.470,-101.426,-103.481,-101.794,-102.099,-100.467,-100.114,-100.311,-98.955,-101.122,-101.675,-101.174,-101.159,-101.123,-103.539,-103.828,-100.558,-100.508,-101.031,-100.278,-99.539,-102.889,-101.631,-99.676,-103.014,-102.732,-104.743,-99.033,-99.718,-101.140,-100.434,-104.335,-101.331,-103.810,-100.202,-103.019,-99.880,-100.119,-100.414,-99.635,-102.374,-101.837,-99.231,-100.221,-98.526,-101.855,-102.812,-101.879,-101.692,-100.955,-102.587,-101.827,-101.353,-101.236,-104.692,-101.523,-101.779,-102.165,-99.471,-100.157,-99.155,-101.460,-99.983,-99.404,-104.853,-100.066,-101.420,-102.272,-101.959,-100.613,-102.540,-100.480,-100.822,-102.135,-101.205,-103.664
154.020,91.100,-100.451,-103.203,-101.764,-100.874,-101.503,-99.719,-102.041,-102.177,-102.086,-102.295,-102.131,-100.177,-104.307,-98.894,-101.434,-104.023,-102.935,-100.765,-100.642,-102.346,-98.775,-100.504,-102.648,-100.337,-102.230,-105.502,-102.305,-99.899,-100.246,-101.821,-100.896,-100.938,-99.883,-99.300,-100.987,-100.682,-100.591,-101.235,-99.657,-103.123,-103.309,-103.335,-104.256,-101.939,-101.276,-99.167,-100.573,-101.918,-101.880,-103.179,-99.225,-100.791,-100.795,-98.970,-100.644,-102.031,-102.384,-101.457,-101.182,-102.885,-101.347,-101.215,-101.027,-101.233,-103.643,-101.015,-104.450,-102.168,-102.503,-99.714,-100.621,-102.225,-101.224,-100.135,-98.658,-101.561,-101.908,-102.005,-99.075,-102.426,-104.057,-99.246,-102.046,-99.993,-102.817,-103.132,-99.221,-100.008,-99.162,-101.416,-100.153,-101.818,-101.615,-100.711,-103.228,-103.632,-99.968,-100.545,-101.948,-99.506,-101.192
194.800,91.100,-101.035,-102.530,-101.804,-102.329,-102.067,-101.607,-100.139,-101.405,-99.714,-101.440,-100.676,-101.492,-102.414,-104.229,-102.631,-99.509,-103.336,-101.065,-102.257,-102.537,-102.554,-102.683,-100.916,-100.535,-99.267,-98.585,-99.112,-99.232,-100.532,-102.246,-98.741,-103.528,-101.282,-100.972,-104.359,-102.175,-100.870,-101.074,-100.134,-100.476,-102.087,-103.726,-102.766,-100.754,-101.961,-102.951,-103.295,-103.708,-101.434,-101.403,-102.635,-100.339,-99.434,-101.949,-100.200,-104.964,-102.245,-101.321,-98.504,-101.176,-101.647,-101.355,-101.424,-103.995,-102.907,-102.160,-100.124,-102.245,-103.257,-99.122,-101.084,-101.617,-98.675,-101.776,-100.050,-102.305,-103.526,-101.135,-100.163,-101.889,-101.780,-100.718,-100.847,-100.149,-100.913,-100.746,-102.949,-101.037,-102.545,-101.745,-101.762,-102.794,-102.722,-102.216,-101.273,-102.923,-102.398,-102.747,-99.742,-102.519,-103.207
